{
  "mse_gd_mean": 6.317205810546875,
  "mse_gd_std": 0.7408374167820949,
  "mse_gla_mean": 21.14287700653076,
  "mse_gla_std": 3.2112374950859772,
  "cosine_sim_gla_mean": 0.028572787716984748,
  "cosine_sim_gla_std": 0.015227390596868713,
  "mse_sparse_mean": 21.165966796875,
  "mse_sparse_std": 3.2128805000087346,
  "cosine_sim_sparse_mean": 0.005019246926531195,
  "cosine_sim_sparse_std": 0.02463488469263356,
  "train_steps": 1000
}