{
  "mse_gd_mean": 4.722020101547241,
  "mse_gd_std": 0.6187183908575135,
  "mse_lsa_mean": 19.565243339538576,
  "mse_lsa_std": 2.6286351138685853,
  "cosine_sim_lsa_mean": 0.003397510819195304,
  "cosine_sim_lsa_std": 0.022171167325672283,
  "mse_gla_mean": 19.503439903259277,
  "mse_gla_std": 2.659309629281794,
  "cosine_sim_gla_mean": -0.004764915839768946,
  "cosine_sim_gla_std": 0.027612691095964936,
  "mse_gqa_mean": 19.49889373779297,
  "mse_gqa_std": 2.688465071688966,
  "cosine_sim_gqa_mean": 0.011507486226037145,
  "cosine_sim_gqa_std": 0.02162134584587959,
  "mse_sparse_mean": 19.42372856140137,
  "mse_sparse_std": 2.6454812270090198,
  "cosine_sim_sparse_mean": -0.017363321431912482,
  "cosine_sim_sparse_std": 0.0225105495263921,
  "mse_softmax_mean": 19.446751022338866,
  "mse_softmax_std": 2.7071695742073425,
  "cosine_sim_softmax_mean": -0.0005848974687978625,
  "cosine_sim_softmax_std": 0.022236970359628665,
  "mse_kernel_mean": 19.602911949157715,
  "mse_kernel_std": 2.6271357524520362,
  "cosine_sim_kernel_mean": -0.00036467938480200246,
  "cosine_sim_kernel_std": 0.03607386100286095,
  "mse_lowrank_k0.5_mean": 19.605469131469725,
  "mse_lowrank_k0.5_std": 2.7001013768766557,
  "cosine_sim_lowrank_k0.5_mean": 0.00043512054835446177,
  "cosine_sim_lowrank_k0.5_std": 0.02207712958015523,
  "mse_lowrank_k0.6_mean": 19.593463325500487,
  "mse_lowrank_k0.6_std": 2.724844900252106,
  "cosine_sim_lowrank_k0.6_mean": -0.002934633637778461,
  "cosine_sim_lowrank_k0.6_std": 0.019878550058684885,
  "mse_lowrank_k0.7_mean": 19.55219383239746,
  "mse_lowrank_k0.7_std": 2.624202309895478,
  "cosine_sim_lowrank_k0.7_mean": -0.0008602628018707037,
  "cosine_sim_lowrank_k0.7_std": 0.022674378373939,
  "mse_lowrank_k0.8_mean": 19.45621814727783,
  "mse_lowrank_k0.8_std": 2.6345325091980256,
  "cosine_sim_lowrank_k0.8_mean": 0.012435540367732756,
  "cosine_sim_lowrank_k0.8_std": 0.016613048111127585,
  "mse_lowrank_k0.9_mean": 19.47346134185791,
  "mse_lowrank_k0.9_std": 2.6041933812717644,
  "cosine_sim_lowrank_k0.9_mean": -0.0044268041383475065,
  "cosine_sim_lowrank_k0.9_std": 0.02700389987555327,
  "mse_lowrank_k1_mean": 19.52133560180664,
  "mse_lowrank_k1_std": 2.7023901003600193,
  "cosine_sim_lowrank_k1_mean": -0.012790933437645435,
  "cosine_sim_lowrank_k1_std": 0.016879640927814462,
  "n_points": 80,
  "train_steps": 0
}