{
  "mse_gd_mean": 11.71820821762085,
  "mse_gd_std": 2.414102884786122,
  "mse_lsa_mean": 20.465556335449218,
  "mse_lsa_std": 4.080797618736888,
  "cosine_sim_lsa_mean": -0.007595344533910975,
  "cosine_sim_lsa_std": 0.01595066633454492,
  "mse_gla_mean": 20.41504497528076,
  "mse_gla_std": 4.076490345102506,
  "cosine_sim_gla_mean": -0.0002693242160603404,
  "cosine_sim_gla_std": 0.014253656068893603,
  "mse_gqa_mean": 20.36300983428955,
  "mse_gqa_std": 3.962376308959946,
  "cosine_sim_gqa_mean": 0.005820682970806956,
  "cosine_sim_gqa_std": 0.018138086686957915,
  "mse_sparse_mean": 20.81033706665039,
  "mse_sparse_std": 4.326173910715939,
  "cosine_sim_sparse_mean": 0.008134940126910805,
  "cosine_sim_sparse_std": 0.01841049505477364,
  "mse_softmax_mean": 20.49305191040039,
  "mse_softmax_std": 4.1736739344927205,
  "cosine_sim_softmax_mean": -0.004458083327335771,
  "cosine_sim_softmax_std": 0.01945110545653991,
  "mse_kernel_mean": 20.40401954650879,
  "mse_kernel_std": 4.0368862315119545,
  "cosine_sim_kernel_mean": -0.008968220883980393,
  "cosine_sim_kernel_std": 0.027471693589615324,
  "mse_lowrank_k0.5_mean": 20.446444511413574,
  "mse_lowrank_k0.5_std": 4.128529521983853,
  "cosine_sim_lowrank_k0.5_mean": 0.011950134916696697,
  "cosine_sim_lowrank_k0.5_std": 0.020410812221635658,
  "mse_lowrank_k0.6_mean": 20.50466594696045,
  "mse_lowrank_k0.6_std": 4.152302296553448,
  "cosine_sim_lowrank_k0.6_mean": 0.008216503798030317,
  "cosine_sim_lowrank_k0.6_std": 0.024150747731019037,
  "mse_lowrank_k0.7_mean": 20.4560884475708,
  "mse_lowrank_k0.7_std": 4.091601571026098,
  "cosine_sim_lowrank_k0.7_mean": -0.004098247364163398,
  "cosine_sim_lowrank_k0.7_std": 0.019220009897991785,
  "mse_lowrank_k0.8_mean": 20.368433952331543,
  "mse_lowrank_k0.8_std": 4.028393276670243,
  "cosine_sim_lowrank_k0.8_mean": -0.005882035824470222,
  "cosine_sim_lowrank_k0.8_std": 0.023060122249366852,
  "mse_lowrank_k0.9_mean": 20.388459396362304,
  "mse_lowrank_k0.9_std": 4.086837673032294,
  "cosine_sim_lowrank_k0.9_mean": 0.0054850418091518804,
  "cosine_sim_lowrank_k0.9_std": 0.022460688003600966,
  "mse_lowrank_k1_mean": 20.429018783569337,
  "mse_lowrank_k1_std": 4.098958472604337,
  "cosine_sim_lowrank_k1_mean": 0.0030128841288387777,
  "cosine_sim_lowrank_k1_std": 0.017062644138783993,
  "n_points": 10,
  "train_steps": 0
}