{
  "mse": 6.64716100692749,
  "nmse": 1.473141372203827,
  "least_squares_mse": 4.7535871181177136e-11,
  "min_norm_mse": 4.7535871181177136e-11,
  "ridge_mse": 0.4840778410434723,
  "knn_mse": 4.295638680458069,
  "averaging_mse": 6.129355192184448,
  "cosine_alignment": -0.05830634571611881
}