num_layers,mse_gd_mean,mse_gd_std,mse_lsa_mean,mse_lsa_std,mse_softmax_mean,mse_softmax_std,mse_linformer_mean,mse_linformer_std,mse_kernel_mean,mse_kernel_std,cosine_sim_lsa_mean,cosine_sim_lsa_std,cosine_sim_softmax_mean,cosine_sim_softmax_std,cosine_sim_linformer_mean,cosine_sim_linformer_std,cosine_sim_kernel_mean,cosine_sim_kernel_std
1,15.654007720947266,3.058912203632135,9.983754110336303,1.5528791048244375,18.849147510528564,3.301941037354102,19.0877628326416,3.548789803839955,19.04977512359619,3.5987605138706544,0.8644581079483032,0.004481988770249525,0.11212264895439147,0.016202484383777076,-0.0047838441445492205,0.015322338393088131,0.007937017647782341,0.01996847137653417
2,14.893930339813233,1.6569281345479234,10.429894351959229,0.9714260169061869,17.28082628250122,1.7751438928996868,21.659161949157713,2.513208433594874,21.71263732910156,2.538615161818197,0.8571985304355622,0.0028410266137086004,0.5531297147274017,0.012983587937780726,-0.0008064070716500282,0.024522542154551154,-0.00021947226487100123,0.016399396800122704
4,9.797952842712402,1.3266127560835483,8.22761254310608,1.5215468443311517,15.031657409667968,1.85420044277398,20.240069580078124,2.42405747848458,20.238758277893066,2.381382932651006,0.8580777287483216,0.007993997649187385,0.604661101102829,0.009923532920743128,0.002685937169007957,0.018222378451202313,-0.001497367859701626,0.015573431668199057
8,6.141054344177246,0.9544443959844652,7.058921957015992,0.9819968971484738,11.237380599975586,1.5399378924602602,19.656923484802245,3.5666368812958713,19.676397705078124,3.5915361167765156,0.8859700858592987,0.005042864097770799,0.775417298078537,0.008694222116730464,0.003001547581516206,0.014908686597912365,0.008670544835331384,0.021419584246998385
