{
  "mse_gd_mean": 6.867478513717652,
  "mse_gd_std": 1.2217675854857926,
  "mse_lsa_mean": 3.7750343799591066,
  "mse_lsa_std": 0.7453088388367547,
  "cosine_sim_lsa_mean": 0.876984465122223,
  "cosine_sim_lsa_std": 0.004135193687304851,
  "mse_gla_mean": 9.307428073883056,
  "mse_gla_std": 1.2019899018154674,
  "cosine_sim_gla_mean": 0.8745557963848114,
  "cosine_sim_gla_std": 0.006117890431618376,
  "mse_gqa_mean": 8.280552101135253,
  "mse_gqa_std": 1.1853233195497146,
  "cosine_sim_gqa_mean": 0.9029163718223572,
  "cosine_sim_gqa_std": 0.003811580916502816,
  "mse_sparse_mean": 21.558234405517577,
  "mse_sparse_std": 3.683146908521026,
  "cosine_sim_sparse_mean": 0.00756815621862188,
  "cosine_sim_sparse_std": 0.023703448786300825,
  "mse_softmax_mean": 7.974910259246826,
  "mse_softmax_std": 1.3222035898586224,
  "cosine_sim_softmax_mean": 0.9002865254878998,
  "cosine_sim_softmax_std": 0.00498400510316096,
  "mse_kernel_mean": 3.9816170215606688,
  "mse_kernel_std": 0.8879687522388129,
  "cosine_sim_kernel_mean": 0.8713510870933533,
  "cosine_sim_kernel_std": 0.004588327853222482,
  "mse_lowrank_k0.5_mean": 6.258804559707642,
  "mse_lowrank_k0.5_std": 1.1698696334049845,
  "cosine_sim_lowrank_k0.5_mean": 0.9088412761688233,
  "cosine_sim_lowrank_k0.5_std": 0.005099657819071895,
  "mse_lowrank_k0.6_mean": 7.313833522796631,
  "mse_lowrank_k0.6_std": 1.1131194483340066,
  "cosine_sim_lowrank_k0.6_mean": 0.903123676776886,
  "cosine_sim_lowrank_k0.6_std": 0.004336277046059754,
  "mse_lowrank_k0.7_mean": 6.448897504806519,
  "mse_lowrank_k0.7_std": 0.9729903645624236,
  "cosine_sim_lowrank_k0.7_mean": 0.9079812586307525,
  "cosine_sim_lowrank_k0.7_std": 0.0045779996680913315,
  "mse_lowrank_k0.8_mean": 5.941683530807495,
  "mse_lowrank_k0.8_std": 1.0757766987834163,
  "cosine_sim_lowrank_k0.8_mean": 0.9109850466251374,
  "cosine_sim_lowrank_k0.8_std": 0.005849139368570591,
  "mse_lowrank_k0.9_mean": 5.542276668548584,
  "mse_lowrank_k0.9_std": 1.0993621597469476,
  "cosine_sim_lowrank_k0.9_mean": 0.9071079552173614,
  "cosine_sim_lowrank_k0.9_std": 0.005032687870751562,
  "mse_lowrank_k1_mean": 4.779687213897705,
  "mse_lowrank_k1_std": 0.8952471417708502,
  "cosine_sim_lowrank_k1_mean": 0.909380066394806,
  "cosine_sim_lowrank_k1_std": 0.0032476094566384226,
  "n_points": 40
}