{
  "mse_gd_mean": 13.215996360778808,
  "mse_gd_std": 1.8127316429188318,
  "mse_lsa_mean": 19.303108406066894,
  "mse_lsa_std": 2.6333625197958717,
  "cosine_sim_lsa_mean": 0.0015559911145828665,
  "cosine_sim_lsa_std": 0.025261797844267395,
  "mse_softmax_mean": 19.385996341705322,
  "mse_softmax_std": 2.6381872710553087,
  "cosine_sim_softmax_mean": -0.00628860755241476,
  "cosine_sim_softmax_std": 0.02751672278605087,
  "mse_kernel_mean": 19.390194034576417,
  "mse_kernel_std": 2.5939336154215913,
  "cosine_sim_kernel_mean": 0.00882601672783494,
  "cosine_sim_kernel_std": 0.012116542632072944,
  "mse_lowrank_block2_k1_mean": 19.361185836791993,
  "mse_lowrank_block2_k1_std": 2.6347434260200906,
  "cosine_sim_lowrank_block2_k1_mean": 0.00039674595464020965,
  "cosine_sim_lowrank_block2_k1_std": 0.015042131098259963,
  "mse_lowrank_block2_k0.75_mean": 19.421155643463134,
  "mse_lowrank_block2_k0.75_std": 2.6337592306103668,
  "cosine_sim_lowrank_block2_k0.75_mean": -0.007310403510928154,
  "cosine_sim_lowrank_block2_k0.75_std": 0.018694022876277288,
  "mse_lowrank_block2_k0.5_mean": 19.37171392440796,
  "mse_lowrank_block2_k0.5_std": 2.7078675836499118,
  "cosine_sim_lowrank_block2_k0.5_mean": 0.007463549124076962,
  "cosine_sim_lowrank_block2_k0.5_std": 0.03334226202049419,
  "num_layers": 2,
  "train_steps": 0
}