{
  "mse_gd_mean": 10.241072750091552,
  "mse_gd_std": 1.2647383361494209,
  "mse_lsa_mean": 20.515009307861327,
  "mse_lsa_std": 2.117986070639795,
  "cosine_sim_lsa_mean": -0.005582960741594434,
  "cosine_sim_lsa_std": 0.02386943587917506,
  "mse_softmax_mean": 20.59307746887207,
  "mse_softmax_std": 2.098839267104563,
  "cosine_sim_softmax_mean": -0.01398288388736546,
  "cosine_sim_softmax_std": 0.026880205158178464,
  "mse_kernel_mean": 20.602897453308106,
  "mse_kernel_std": 2.0492093922434886,
  "cosine_sim_kernel_mean": -0.006728175224270672,
  "cosine_sim_kernel_std": 0.014048184988049866,
  "mse_lowrank_block2_k1_mean": 20.51553382873535,
  "mse_lowrank_block2_k1_std": 2.11113288899528,
  "cosine_sim_lowrank_block2_k1_mean": 0.0074495583772659305,
  "cosine_sim_lowrank_block2_k1_std": 0.021345969025835323,
  "mse_lowrank_block2_k0.75_mean": 20.515591049194335,
  "mse_lowrank_block2_k0.75_std": 2.108884041722917,
  "cosine_sim_lowrank_block2_k0.75_mean": 0.0010386753012426198,
  "cosine_sim_lowrank_block2_k0.75_std": 0.017554828316165897,
  "mse_lowrank_block2_k0.5_mean": 20.528063201904295,
  "mse_lowrank_block2_k0.5_std": 2.1455930120331024,
  "cosine_sim_lowrank_block2_k0.5_mean": 0.017807879857718943,
  "cosine_sim_lowrank_block2_k0.5_std": 0.025754255286855876,
  "num_layers": 4,
  "train_steps": 0
}