{
  "mse_gd_mean": 6.321299982070923,
  "mse_gd_std": 0.8540363454727207,
  "mse_lsa_mean": 3.3586705684661866,
  "mse_lsa_std": 0.40735503342875656,
  "cosine_sim_lsa_mean": 0.8781293630599976,
  "cosine_sim_lsa_std": 0.0034566034363705304,
  "mse_gla_mean": 16.740765953063963,
  "mse_gla_std": 2.7078506192919947,
  "cosine_sim_gla_mean": 0.5328642725944519,
  "cosine_sim_gla_std": 0.01370660193946161,
  "mse_gqa_mean": 8.567363071441651,
  "mse_gqa_std": 1.1593682266754521,
  "cosine_sim_gqa_mean": 0.8813410639762879,
  "cosine_sim_gqa_std": 0.006324219703842845,
  "mse_sparse_mean": 21.60006809234619,
  "mse_sparse_std": 3.4204115400194377,
  "cosine_sim_sparse_mean": -0.009113822341896593,
  "cosine_sim_sparse_std": 0.020871881916402733,
  "mse_softmax_mean": 7.77511305809021,
  "mse_softmax_std": 1.1697515777376986,
  "cosine_sim_softmax_mean": 0.8921266496181488,
  "cosine_sim_softmax_std": 0.006877956413802781,
  "mse_kernel_mean": 3.354780340194702,
  "mse_kernel_std": 0.42846134307900274,
  "cosine_sim_kernel_mean": 0.8771727502346038,
  "cosine_sim_kernel_std": 0.004167515461045324,
  "mse_lowrank_block2_k0.5_mean": 4.114002084732055,
  "mse_lowrank_block2_k0.5_std": 0.4960890570660505,
  "cosine_sim_lowrank_block2_k0.5_mean": 0.901944774389267,
  "cosine_sim_lowrank_block2_k0.5_std": 0.004555893862234055,
  "mse_lowrank_block2_k0.6_mean": 3.885091471672058,
  "mse_lowrank_block2_k0.6_std": 0.5353873306710629,
  "cosine_sim_lowrank_block2_k0.6_mean": 0.8976498126983643,
  "cosine_sim_lowrank_block2_k0.6_std": 0.004041139183532222,
  "mse_lowrank_block2_k0.7_mean": 4.5166157484054565,
  "mse_lowrank_block2_k0.7_std": 0.7948856590821001,
  "cosine_sim_lowrank_block2_k0.7_mean": 0.9006911277770996,
  "cosine_sim_lowrank_block2_k0.7_std": 0.005842297180766002,
  "mse_lowrank_block2_k0.8_mean": 3.241199326515198,
  "mse_lowrank_block2_k0.8_std": 0.44276363312396705,
  "cosine_sim_lowrank_block2_k0.8_mean": 0.8909717500209808,
  "cosine_sim_lowrank_block2_k0.8_std": 0.004223263086998919,
  "mse_lowrank_block2_k0.9_mean": 3.5155347108840944,
  "mse_lowrank_block2_k0.9_std": 0.7473291576580138,
  "cosine_sim_lowrank_block2_k0.9_mean": 0.9013874530792236,
  "cosine_sim_lowrank_block2_k0.9_std": 0.004119230285679645,
  "mse_lowrank_block2_k1_mean": 3.569419002532959,
  "mse_lowrank_block2_k1_std": 0.652446074998888,
  "cosine_sim_lowrank_block2_k1_mean": 0.9000147819519043,
  "cosine_sim_lowrank_block2_k1_std": 0.005195675910275962,
  "train_steps": 20000
}