{
  "mse_gd_mean": 6.4000691890716555,
  "mse_gd_std": 0.7070916791834994,
  "mse_lsa_mean": 3.6173884153366087,
  "mse_lsa_std": 0.9126993890209952,
  "cosine_sim_lsa_mean": 0.8797270238399506,
  "cosine_sim_lsa_std": 0.003777973197099514,
  "mse_softmax_mean": 7.659060907363892,
  "mse_softmax_std": 1.1363333546499033,
  "cosine_sim_softmax_mean": 0.8899580895900726,
  "cosine_sim_softmax_std": 0.005564092380031771,
  "mse_kernel_mean": 3.733496570587158,
  "mse_kernel_std": 1.0035285100934557,
  "cosine_sim_kernel_mean": 0.8788693308830261,
  "cosine_sim_kernel_std": 0.005693383187986832,
  "mse_lowrank_block2_k1_mean": 3.901360845565796,
  "mse_lowrank_block2_k1_std": 0.788997292163296,
  "cosine_sim_lowrank_block2_k1_mean": 0.8954858839511871,
  "cosine_sim_lowrank_block2_k1_std": 0.00645990216159175,
  "mse_lowrank_block2_k0.75_mean": 3.8866379737854,
  "mse_lowrank_block2_k0.75_std": 0.7290142157897413,
  "cosine_sim_lowrank_block2_k0.75_mean": 0.8885080099105835,
  "cosine_sim_lowrank_block2_k0.75_std": 0.005310232038827907,
  "mse_lowrank_block2_k0.5_mean": 5.40959849357605,
  "mse_lowrank_block2_k0.5_std": 0.8331257143539155,
  "cosine_sim_lowrank_block2_k0.5_mean": 0.8859288394451141,
  "cosine_sim_lowrank_block2_k0.5_std": 0.004675890265397269,
  "train_steps": 20000
}