{
  "mse_gd_mean": 5.698006606101989,
  "mse_gd_std": 1.0006569250791573,
  "mse_lsa_mean": 5.6422699928283695,
  "mse_lsa_std": 0.72450275478524,
  "cosine_sim_lsa_mean": 0.8975840210914612,
  "cosine_sim_lsa_std": 0.005700629425231505,
  "mse_softmax_mean": 11.225658988952636,
  "mse_softmax_std": 2.0338771320724716,
  "cosine_sim_softmax_mean": 0.7626493334770202,
  "cosine_sim_softmax_std": 0.008288975045785156,
  "mse_kernel_mean": 5.969795227050781,
  "mse_kernel_std": 0.7642589320335204,
  "cosine_sim_kernel_mean": 0.8952453076839447,
  "cosine_sim_kernel_std": 0.004000815188925295,
  "mse_lowrank_block2_k1_mean": 8.821164608001709,
  "mse_lowrank_block2_k1_std": 1.8068810883380775,
  "cosine_sim_lowrank_block2_k1_mean": 0.8416211664676666,
  "cosine_sim_lowrank_block2_k1_std": 0.007653799549167688,
  "mse_lowrank_block2_k0.75_mean": 9.09155206680298,
  "mse_lowrank_block2_k0.75_std": 1.5686472116866066,
  "cosine_sim_lowrank_block2_k0.75_mean": 0.8518030643463135,
  "cosine_sim_lowrank_block2_k0.75_std": 0.006772254620922472,
  "mse_lowrank_block2_k0.5_mean": 9.241103649139404,
  "mse_lowrank_block2_k0.5_std": 1.3489542893682862,
  "cosine_sim_lowrank_block2_k0.5_mean": 0.822139996290207,
  "cosine_sim_lowrank_block2_k0.5_std": 0.007427907400055717,
  "train_steps": 2000
}