{
  "mse_gd_mean": 12.944275056162189,
  "mse_gd_std": 2.844399524241814,
  "mse_softmax_mean": 18.814714247180568,
  "mse_softmax_std": 4.129980749631497,
  "cosine_sim_softmax_mean": 0.1676057303144086,
  "cosine_sim_softmax_std": 0.035176913561215786,
  "mse_lowrank_k1_mean": 19.11157811072565,
  "mse_lowrank_k1_std": 4.316306965865693,
  "cosine_sim_lowrank_k1_mean": -0.011115069921699262,
  "cosine_sim_lowrank_k1_std": 0.038905916795311656,
  "mse_lowrank_k0.75_mean": 19.098761804642216,
  "mse_lowrank_k0.75_std": 4.31185530864951,
  "cosine_sim_lowrank_k0.75_mean": 0.004700072410125886,
  "cosine_sim_lowrank_k0.75_std": 0.04565350502955309,
  "mse_lowrank_k0.5_mean": 19.133278416049095,
  "mse_lowrank_k0.5_std": 4.314364576793286,
  "cosine_sim_lowrank_k0.5_mean": 0.008368155348204797,
  "cosine_sim_lowrank_k0.5_std": 0.03923489569675628,
  "num_layers": 2,
  "proj_k_ratios": [
    1.0,
    0.75,
    0.5
  ],
  "share_ef": false,
  "orth_init": false
}