{
  "mse_gd_mean": 3.4120291048480618,
  "mse_gd_std": 0.9748380220428197,
  "mse_softmax_mean": 15.486103150152392,
  "mse_softmax_std": 4.264387325382143,
  "cosine_sim_softmax_mean": 0.5066393267723822,
  "cosine_sim_softmax_std": 0.02892397571168261,
  "mse_lowrank_k1_mean": 19.73772971860824,
  "mse_lowrank_k1_std": 5.004052692258352,
  "cosine_sim_lowrank_k1_mean": -0.0012615026245194098,
  "cosine_sim_lowrank_k1_std": 0.04152388855681794,
  "mse_lowrank_k0.75_mean": 19.762258714245213,
  "mse_lowrank_k0.75_std": 5.016471709034612,
  "cosine_sim_lowrank_k0.75_mean": -0.0018772586368985713,
  "cosine_sim_lowrank_k0.75_std": 0.04418183841019684,
  "mse_lowrank_k0.5_mean": 19.729846831290953,
  "mse_lowrank_k0.5_std": 5.005753131921983,
  "cosine_sim_lowrank_k0.5_mean": 0.00040240270356016775,
  "cosine_sim_lowrank_k0.5_std": 0.04154782584801284,
  "num_layers": 16,
  "proj_k_ratios": [
    1.0,
    0.75,
    0.5
  ],
  "share_ef": false,
  "orth_init": false
}