{
  "mse_gd_mean": 6.620833220020417,
  "mse_gd_std": 1.9610910536327277,
  "mse_softmax_mean": 10.481038585785896,
  "mse_softmax_std": 3.2217468848122217,
  "cosine_sim_softmax_mean": 0.8223217821890308,
  "cosine_sim_softmax_std": 0.012787006365337344,
  "mse_lowrank_k1_mean": 10.193300816320605,
  "mse_lowrank_k1_std": 3.0706862732387,
  "cosine_sim_lowrank_k1_mean": 0.8586912135924062,
  "cosine_sim_lowrank_k1_std": 0.009735574253515681,
  "mse_lowrank_k0.75_mean": 20.270426657892042,
  "mse_lowrank_k0.75_std": 5.393568096127139,
  "cosine_sim_lowrank_k0.75_mean": -0.0033370960924413895,
  "cosine_sim_lowrank_k0.75_std": 0.050617961515527936,
  "mse_lowrank_k0.5_mean": 20.295063818654707,
  "mse_lowrank_k0.5_std": 5.361194027165244,
  "cosine_sim_lowrank_k0.5_mean": 0.0041701335520032915,
  "cosine_sim_lowrank_k0.5_std": 0.043077308864292674,
  "num_layers": 8,
  "proj_k_ratios": [
    1.0,
    0.75,
    0.5
  ],
  "share_ef": false,
  "orth_init": false
}