{
  "mse_gd_mean": 3.789410629580098,
  "mse_gd_std": 0.8329473725039526,
  "mse_softmax_mean": 12.599172146089616,
  "mse_softmax_std": 4.254283737806291,
  "cosine_sim_softmax_mean": 0.7664672193988677,
  "cosine_sim_softmax_std": 0.017407183071188274,
  "mse_lowrank_k1_mean": 6.983456273232737,
  "mse_lowrank_k1_std": 2.156289880183041,
  "cosine_sim_lowrank_k1_mean": 0.9125970313625951,
  "cosine_sim_lowrank_k1_std": 0.008713467373355816,
  "mse_lowrank_k0.75_mean": 22.239270025683986,
  "mse_lowrank_k0.75_std": 5.53882410183685,
  "cosine_sim_lowrank_k0.75_mean": 0.010969120588514113,
  "cosine_sim_lowrank_k0.75_std": 0.03630655744988627,
  "mse_lowrank_k0.5_mean": 22.277370422117173,
  "mse_lowrank_k0.5_std": 5.505638303815644,
  "cosine_sim_lowrank_k0.5_mean": 0.008096969551256588,
  "cosine_sim_lowrank_k0.5_std": 0.037841525514138524,
  "num_layers": 16,
  "proj_k_ratios": [
    1.0,
    0.75,
    0.5
  ],
  "share_ef": false,
  "orth_init": false
}