{
  "mse": 7.013083219528198,
  "nmse": 1.768203854560852,
  "least_squares_mse": 1.2780065686279762e-09,
  "min_norm_mse": 1.2780065686279762e-09,
  "ridge_mse": 0.09044044464826584,
  "knn_mse": 4.468642234802246,
  "averaging_mse": 9.039029359817505,
  "cosine_alignment": -0.02041382435709238
}