{
  "mse_gd_mean": 4.402739429473877,
  "mse_gd_std": 1.0281098869390872,
  "mse_lsa_mean": 20.85514612197876,
  "mse_lsa_std": 4.161331921380416,
  "cosine_sim_lsa_mean": 0.010105878650210797,
  "cosine_sim_lsa_std": 0.025237957822396368,
  "mse_gla_mean": 20.89939594268799,
  "mse_gla_std": 4.180380810926784,
  "cosine_sim_gla_mean": -0.0023308546049520375,
  "cosine_sim_gla_std": 0.01832874068476394,
  "mse_gqa_mean": 20.859206199645996,
  "mse_gqa_std": 4.171057508509953,
  "cosine_sim_gqa_mean": 0.007103748490044382,
  "cosine_sim_gqa_std": 0.025345270871707914,
  "mse_sparse_mean": 20.954612064361573,
  "mse_sparse_std": 4.178548503783005,
  "cosine_sim_sparse_mean": 0.00044128859881311657,
  "cosine_sim_sparse_std": 0.018399616891692276,
  "mse_softmax_mean": 20.91324806213379,
  "mse_softmax_std": 4.2546065848214445,
  "cosine_sim_softmax_mean": -0.00664636199362576,
  "cosine_sim_softmax_std": 0.014376588267113438,
  "mse_kernel_mean": 20.883176803588867,
  "mse_kernel_std": 4.145056913023405,
  "cosine_sim_kernel_mean": -0.002284241910092533,
  "cosine_sim_kernel_std": 0.0213426725186926,
  "mse_lowrank_k0.5_mean": 20.885984420776367,
  "mse_lowrank_k0.5_std": 4.201606198981207,
  "cosine_sim_lowrank_k0.5_mean": 0.002721299108816311,
  "cosine_sim_lowrank_k0.5_std": 0.02033193313083599,
  "mse_lowrank_k0.6_mean": 20.893982791900633,
  "mse_lowrank_k0.6_std": 4.170791131347332,
  "cosine_sim_lowrank_k0.6_mean": 0.002896575885824859,
  "cosine_sim_lowrank_k0.6_std": 0.028836990096284067,
  "mse_lowrank_k0.7_mean": 20.892109680175782,
  "mse_lowrank_k0.7_std": 4.223630331627614,
  "cosine_sim_lowrank_k0.7_mean": -0.006246524074231275,
  "cosine_sim_lowrank_k0.7_std": 0.01364714888624369,
  "mse_lowrank_k0.8_mean": 20.85770778656006,
  "mse_lowrank_k0.8_std": 4.1443968586807625,
  "cosine_sim_lowrank_k0.8_mean": 0.007461685361340642,
  "cosine_sim_lowrank_k0.8_std": 0.02563184340259831,
  "mse_lowrank_k0.9_mean": 20.916346263885497,
  "mse_lowrank_k0.9_std": 4.159505187403396,
  "cosine_sim_lowrank_k0.9_mean": -0.011090597370639443,
  "cosine_sim_lowrank_k0.9_std": 0.018198383457189833,
  "mse_lowrank_k1_mean": 20.870103454589845,
  "mse_lowrank_k1_std": 4.2284532859177855,
  "cosine_sim_lowrank_k1_mean": 0.011198460415471345,
  "cosine_sim_lowrank_k1_std": 0.016216190228137667,
  "n_points": 200
}