{
  "mse_gd_mean": 8.325323581695557,
  "mse_gd_std": 1.3189212848187428,
  "mse_lsa_mean": 19.684755325317383,
  "mse_lsa_std": 2.5321617956712936,
  "cosine_sim_lsa_mean": 0.0019153089495375752,
  "cosine_sim_lsa_std": 0.022586026950591635,
  "mse_gla_mean": 19.71840419769287,
  "mse_gla_std": 2.5010451539760097,
  "cosine_sim_gla_mean": -0.0023877847706899047,
  "cosine_sim_gla_std": 0.018330993036479795,
  "mse_gqa_mean": 19.67530698776245,
  "mse_gqa_std": 2.526797852588529,
  "cosine_sim_gqa_mean": -0.0033470392692834137,
  "cosine_sim_gqa_std": 0.012264427764946972,
  "mse_sparse_mean": 19.619797134399413,
  "mse_sparse_std": 2.62658553809012,
  "cosine_sim_sparse_mean": -0.009968214435502887,
  "cosine_sim_sparse_std": 0.017255241204258594,
  "mse_softmax_mean": 19.688521671295167,
  "mse_softmax_std": 2.6270149871016377,
  "cosine_sim_softmax_mean": -0.00913272867910564,
  "cosine_sim_softmax_std": 0.026567988601558276,
  "mse_kernel_mean": 19.67121458053589,
  "mse_kernel_std": 2.5136003351301066,
  "cosine_sim_kernel_mean": 0.01042125558014959,
  "cosine_sim_kernel_std": 0.01458864215586186,
  "mse_lowrank_k0.5_mean": 19.67830572128296,
  "mse_lowrank_k0.5_std": 2.63457290517778,
  "cosine_sim_lowrank_k0.5_mean": -0.001794409961439669,
  "cosine_sim_lowrank_k0.5_std": 0.022648240393201836,
  "mse_lowrank_k0.6_mean": 19.579835510253908,
  "mse_lowrank_k0.6_std": 2.5327428589628114,
  "cosine_sim_lowrank_k0.6_mean": 0.006784908461850136,
  "cosine_sim_lowrank_k0.6_std": 0.019094476662641652,
  "mse_lowrank_k0.7_mean": 19.756184673309328,
  "mse_lowrank_k0.7_std": 2.604288867568922,
  "cosine_sim_lowrank_k0.7_mean": -0.00524346218444407,
  "cosine_sim_lowrank_k0.7_std": 0.018892440761473058,
  "mse_lowrank_k0.8_mean": 19.650389099121092,
  "mse_lowrank_k0.8_std": 2.591794082909812,
  "cosine_sim_lowrank_k0.8_mean": 0.0056739655672572555,
  "cosine_sim_lowrank_k0.8_std": 0.021359949990344976,
  "mse_lowrank_k0.9_mean": 19.643157291412354,
  "mse_lowrank_k0.9_std": 2.4699563629888255,
  "cosine_sim_lowrank_k0.9_mean": 0.0037118518026545643,
  "cosine_sim_lowrank_k0.9_std": 0.021750854987349997,
  "mse_lowrank_k1_mean": 19.711101531982422,
  "mse_lowrank_k1_std": 2.5326495423045734,
  "cosine_sim_lowrank_k1_mean": 0.00048263698699884116,
  "cosine_sim_lowrank_k1_std": 0.016133935316698267,
  "n_points": 20
}