{
  "mse_gd_mean": 4.853560256958008,
  "mse_gd_std": 0.4979843391622013,
  "mse_lsa_mean": 22.157094764709473,
  "mse_lsa_std": 2.522156037264396,
  "cosine_sim_lsa_mean": 0.003672429558355361,
  "cosine_sim_lsa_std": 0.023334401416184467,
  "mse_gla_mean": 22.168450546264648,
  "mse_gla_std": 2.585241038572961,
  "cosine_sim_gla_mean": 0.01325791992712766,
  "cosine_sim_gla_std": 0.03240816537472361,
  "mse_gqa_mean": 22.178756713867188,
  "mse_gqa_std": 2.572629080645352,
  "cosine_sim_gqa_mean": 0.014113470260053874,
  "cosine_sim_gqa_std": 0.012999564285256046,
  "mse_sparse_mean": 22.183292961120607,
  "mse_sparse_std": 2.5264125321141235,
  "cosine_sim_sparse_mean": -0.00020011101150885224,
  "cosine_sim_sparse_std": 0.016187451829494454,
  "mse_softmax_mean": 22.1753231048584,
  "mse_softmax_std": 2.5717347263901664,
  "cosine_sim_softmax_mean": -0.012785114941652864,
  "cosine_sim_softmax_std": 0.02052407856289424,
  "mse_kernel_mean": 22.189307022094727,
  "mse_kernel_std": 2.5739147519454284,
  "cosine_sim_kernel_mean": -0.008659760840237141,
  "cosine_sim_kernel_std": 0.024485548584743128,
  "mse_lowrank_k0.5_mean": 22.168719482421874,
  "mse_lowrank_k0.5_std": 2.5504887733661787,
  "cosine_sim_lowrank_k0.5_mean": 0.010663178749382496,
  "cosine_sim_lowrank_k0.5_std": 0.02389069493542653,
  "mse_lowrank_k0.6_mean": 22.193083572387696,
  "mse_lowrank_k0.6_std": 2.5739039871921796,
  "cosine_sim_lowrank_k0.6_mean": -0.0038698236690834164,
  "cosine_sim_lowrank_k0.6_std": 0.019560037305752516,
  "mse_lowrank_k0.7_mean": 22.18024101257324,
  "mse_lowrank_k0.7_std": 2.5965068491632555,
  "cosine_sim_lowrank_k0.7_mean": 0.003771620476618409,
  "cosine_sim_lowrank_k0.7_std": 0.022383116608670563,
  "mse_lowrank_k0.8_mean": 22.214738845825195,
  "mse_lowrank_k0.8_std": 2.6155168688485206,
  "cosine_sim_lowrank_k0.8_mean": -0.0005366720259189605,
  "cosine_sim_lowrank_k0.8_std": 0.02957530131372645,
  "mse_lowrank_k0.9_mean": 22.126934814453126,
  "mse_lowrank_k0.9_std": 2.5591684195478632,
  "cosine_sim_lowrank_k0.9_mean": 0.011724819912342355,
  "cosine_sim_lowrank_k0.9_std": 0.015862779420579492,
  "mse_lowrank_k1_mean": 22.15328426361084,
  "mse_lowrank_k1_std": 2.562537980657589,
  "cosine_sim_lowrank_k1_mean": 0.009337333915755152,
  "cosine_sim_lowrank_k1_std": 0.018655926113587667,
  "n_points": 160
}