{
  "mse_gd_mean": 12.695840072631835,
  "mse_gd_std": 2.187064559889105,
  "mse_lsa_mean": 20.35627374649048,
  "mse_lsa_std": 3.0130399232484324,
  "cosine_sim_lsa_mean": -0.0015538427425781265,
  "cosine_sim_lsa_std": 0.019824370561813253,
  "mse_gla_mean": 20.352501964569093,
  "mse_gla_std": 2.995147686135528,
  "cosine_sim_gla_mean": 0.000664617377333343,
  "cosine_sim_gla_std": 0.01821600479791915,
  "mse_gqa_mean": 20.2501558303833,
  "mse_gqa_std": 2.9860227134454185,
  "cosine_sim_gqa_mean": -0.006750396656570956,
  "cosine_sim_gqa_std": 0.017649980080853327,
  "mse_sparse_mean": 20.564436149597167,
  "mse_sparse_std": 2.9396971299602574,
  "cosine_sim_sparse_mean": 0.0031142072170041502,
  "cosine_sim_sparse_std": 0.01836886183231303,
  "mse_softmax_mean": 20.343967342376708,
  "mse_softmax_std": 3.000020359715309,
  "cosine_sim_softmax_mean": 0.0014967945986427366,
  "cosine_sim_softmax_std": 0.01664185990523891,
  "mse_kernel_mean": 20.308533668518066,
  "mse_kernel_std": 2.9662761217918727,
  "cosine_sim_kernel_mean": -0.008858131847227923,
  "cosine_sim_kernel_std": 0.02212034765349524,
  "mse_lowrank_k0.5_mean": 20.258996295928956,
  "mse_lowrank_k0.5_std": 2.999815984309528,
  "cosine_sim_lowrank_k0.5_mean": -0.0009625563863664866,
  "cosine_sim_lowrank_k0.5_std": 0.020558067836322042,
  "mse_lowrank_k0.6_mean": 20.333534240722656,
  "mse_lowrank_k0.6_std": 2.9825845726310334,
  "cosine_sim_lowrank_k0.6_mean": -0.0050566634454298764,
  "cosine_sim_lowrank_k0.6_std": 0.017330170625612432,
  "mse_lowrank_k0.7_mean": 20.292269229888916,
  "mse_lowrank_k0.7_std": 3.0152554826894176,
  "cosine_sim_lowrank_k0.7_mean": -0.00028133569285273554,
  "cosine_sim_lowrank_k0.7_std": 0.022158340013717723,
  "mse_lowrank_k0.8_mean": 20.37806987762451,
  "mse_lowrank_k0.8_std": 3.0360080075903344,
  "cosine_sim_lowrank_k0.8_mean": -0.00412865960970521,
  "cosine_sim_lowrank_k0.8_std": 0.021013191235240352,
  "mse_lowrank_k0.9_mean": 20.304539012908936,
  "mse_lowrank_k0.9_std": 3.0086812625035435,
  "cosine_sim_lowrank_k0.9_mean": 0.005175113910809159,
  "cosine_sim_lowrank_k0.9_std": 0.02369251703233661,
  "mse_lowrank_k1_mean": 20.340091228485107,
  "mse_lowrank_k1_std": 2.9107235522350106,
  "cosine_sim_lowrank_k1_mean": -0.004860228547840961,
  "cosine_sim_lowrank_k1_std": 0.014373466472490553,
  "n_points": 10
}