{
  "mse_gd_mean": 4.718919730186462,
  "mse_gd_std": 0.955682594388223,
  "mse_lsa_mean": 20.486566734313964,
  "mse_lsa_std": 3.5100503862753683,
  "cosine_sim_lsa_mean": 0.004980617738328874,
  "cosine_sim_lsa_std": 0.028673573166094746,
  "mse_gla_mean": 20.5236457824707,
  "mse_gla_std": 3.5274855963120064,
  "cosine_sim_gla_mean": 0.003692049952223897,
  "cosine_sim_gla_std": 0.019535780394145264,
  "mse_gqa_mean": 20.515356826782227,
  "mse_gqa_std": 3.5380825913793528,
  "cosine_sim_gqa_mean": 0.011776396073400974,
  "cosine_sim_gqa_std": 0.02796113136133908,
  "mse_sparse_mean": 20.70652961730957,
  "mse_sparse_std": 3.520668538361443,
  "cosine_sim_sparse_mean": 0.002247306937351823,
  "cosine_sim_sparse_std": 0.025695570551020647,
  "mse_softmax_mean": 20.511535453796387,
  "mse_softmax_std": 3.587329349820728,
  "cosine_sim_softmax_mean": -0.01861736229620874,
  "cosine_sim_softmax_std": 0.0191358381007354,
  "mse_kernel_mean": 20.455127334594728,
  "mse_kernel_std": 3.5906715445715847,
  "cosine_sim_kernel_mean": 0.010532595170661806,
  "cosine_sim_kernel_std": 0.026256809380272472,
  "mse_lowrank_k0.5_mean": 20.466582107543946,
  "mse_lowrank_k0.5_std": 3.5760743763134277,
  "cosine_sim_lowrank_k0.5_mean": 0.008416113001294434,
  "cosine_sim_lowrank_k0.5_std": 0.016117246324821217,
  "mse_lowrank_k0.6_mean": 20.53138084411621,
  "mse_lowrank_k0.6_std": 3.5990493986832517,
  "cosine_sim_lowrank_k0.6_mean": -0.009126472455682233,
  "cosine_sim_lowrank_k0.6_std": 0.0167349045104448,
  "mse_lowrank_k0.7_mean": 20.55722579956055,
  "mse_lowrank_k0.7_std": 3.62087348305318,
  "cosine_sim_lowrank_k0.7_mean": 0.0014938959386199713,
  "cosine_sim_lowrank_k0.7_std": 0.01810045122163981,
  "mse_lowrank_k0.8_mean": 20.540628051757814,
  "mse_lowrank_k0.8_std": 3.5611785322388845,
  "cosine_sim_lowrank_k0.8_mean": -0.005790651659481227,
  "cosine_sim_lowrank_k0.8_std": 0.02207629027588403,
  "mse_lowrank_k0.9_mean": 20.56316089630127,
  "mse_lowrank_k0.9_std": 3.62786391589673,
  "cosine_sim_lowrank_k0.9_mean": -0.016217281657736747,
  "cosine_sim_lowrank_k0.9_std": 0.011256823685370848,
  "mse_lowrank_k1_mean": 20.46407699584961,
  "mse_lowrank_k1_std": 3.5888948313287443,
  "cosine_sim_lowrank_k1_mean": -0.003815565851982683,
  "cosine_sim_lowrank_k1_std": 0.01652049212958325,
  "n_points": 120
}