{
  "mse_gd_mean": 6.7530354976654055,
  "mse_gd_std": 0.9181121887448094,
  "mse_gla_mean": 8.58285894393921,
  "mse_gla_std": 0.7322222533081032,
  "cosine_sim_gla_mean": 0.8920638680458068,
  "cosine_sim_gla_std": 0.003314271985004147,
  "mse_sparse_mean": 21.6097900390625,
  "mse_sparse_std": 2.5772326399488845,
  "cosine_sim_sparse_mean": 0.0029166054679080843,
  "cosine_sim_sparse_std": 0.018613821093967867,
  "train_steps": 10000
}