{
  "mse_gd_mean": 4.170020818710327,
  "mse_gd_std": 0.5770166739375896,
  "mse_lsa_mean": 1.8572026014328002,
  "mse_lsa_std": 0.3182851935401662,
  "cosine_sim_lsa_mean": 0.9386247813701629,
  "cosine_sim_lsa_std": 0.0029492131030007763,
  "mse_gla_mean": 3.9919052600860594,
  "mse_gla_std": 0.6282379561902499,
  "cosine_sim_gla_mean": 0.9213257551193237,
  "cosine_sim_gla_std": 0.003294905080764215,
  "mse_gqa_mean": 3.576535224914551,
  "mse_gqa_std": 0.5117399988467087,
  "cosine_sim_gqa_mean": 0.9338374555110931,
  "cosine_sim_gqa_std": 0.004219656972207557,
  "mse_sparse_mean": 19.381957530975342,
  "mse_sparse_std": 3.314294401819872,
  "cosine_sim_sparse_mean": 0.0027307905722409485,
  "cosine_sim_sparse_std": 0.02166589154706678,
  "mse_softmax_mean": 14.098050212860107,
  "mse_softmax_std": 2.3367724191307833,
  "cosine_sim_softmax_mean": 0.5791393458843231,
  "cosine_sim_softmax_std": 0.017408603935140512,
  "mse_kernel_mean": 1.9529358625411988,
  "mse_kernel_std": 0.3259451153943299,
  "cosine_sim_kernel_mean": 0.9400456666946411,
  "cosine_sim_kernel_std": 0.002852065997241822,
  "mse_lowrank_k0.5_mean": 3.782283353805542,
  "mse_lowrank_k0.5_std": 0.6082648514433466,
  "cosine_sim_lowrank_k0.5_mean": 0.9104659974575042,
  "cosine_sim_lowrank_k0.5_std": 0.005055053958386474,
  "mse_lowrank_k0.6_mean": 4.466348695755005,
  "mse_lowrank_k0.6_std": 0.6565143409612504,
  "cosine_sim_lowrank_k0.6_mean": 0.9109925627708435,
  "cosine_sim_lowrank_k0.6_std": 0.004141036002228835,
  "mse_lowrank_k0.7_mean": 4.7102820634841915,
  "mse_lowrank_k0.7_std": 0.7950862964446501,
  "cosine_sim_lowrank_k0.7_mean": 0.9133527040481567,
  "cosine_sim_lowrank_k0.7_std": 0.0022921733395104477,
  "mse_lowrank_k0.8_mean": 4.16960289478302,
  "mse_lowrank_k0.8_std": 0.5956045404105021,
  "cosine_sim_lowrank_k0.8_mean": 0.9187704741954803,
  "cosine_sim_lowrank_k0.8_std": 0.004168580301518522,
  "mse_lowrank_k0.9_mean": 4.339270567893982,
  "mse_lowrank_k0.9_std": 0.719594140224172,
  "cosine_sim_lowrank_k0.9_mean": 0.9164234280586243,
  "cosine_sim_lowrank_k0.9_std": 0.0037752285563145463,
  "mse_lowrank_k1_mean": 4.032155537605286,
  "mse_lowrank_k1_std": 0.5665386372557187,
  "cosine_sim_lowrank_k1_mean": 0.9260747969150543,
  "cosine_sim_lowrank_k1_std": 0.004354037056544506,
  "n_points": 200
}