{
  "mse_gd_mean": 1.3012775778770447,
  "mse_gd_std": 0.15684937806626126,
  "mse_lsa_mean": 19.330329036712648,
  "mse_lsa_std": 2.979603837839545,
  "cosine_sim_lsa_mean": 0.0021798950619995594,
  "cosine_sim_lsa_std": 0.018149178847032738,
  "mse_softmax_mean": 19.270029067993164,
  "mse_softmax_std": 2.9446040332647607,
  "cosine_sim_softmax_mean": 0.0075047985650599,
  "cosine_sim_softmax_std": 0.02510429551778652,
  "mse_kernel_mean": 19.326689434051513,
  "mse_kernel_std": 2.99091949428253,
  "cosine_sim_kernel_mean": -0.0027366003254428507,
  "cosine_sim_kernel_std": 0.022440626712128032,
  "mse_lowrank_block2_k1_mean": 19.331461238861085,
  "mse_lowrank_block2_k1_std": 2.929176105097388,
  "cosine_sim_lowrank_block2_k1_mean": 0.011273271986283362,
  "cosine_sim_lowrank_block2_k1_std": 0.013219582047276234,
  "mse_lowrank_block2_k0.75_mean": 19.28230152130127,
  "mse_lowrank_block2_k0.75_std": 2.9571517578365505,
  "cosine_sim_lowrank_block2_k0.75_mean": -0.005681390699464828,
  "cosine_sim_lowrank_block2_k0.75_std": 0.022772295046995985,
  "mse_lowrank_block2_k0.5_mean": 19.312513256072997,
  "mse_lowrank_block2_k0.5_std": 2.9559770759724175,
  "cosine_sim_lowrank_block2_k0.5_mean": 0.009229666111059487,
  "cosine_sim_lowrank_block2_k0.5_std": 0.019750327056913094,
  "num_layers": 32,
  "train_steps": 0
}