{
  "mse_gd_mean": 3.3675734281539915,
  "mse_gd_std": 0.6662987817179165,
  "mse_lsa_mean": 19.54161367416382,
  "mse_lsa_std": 2.5038358712721487,
  "cosine_sim_lsa_mean": -0.002028445794712752,
  "cosine_sim_lsa_std": 0.02321784695009848,
  "mse_softmax_mean": 19.577694416046143,
  "mse_softmax_std": 2.5009767583617935,
  "cosine_sim_softmax_mean": -6.000532303005457e-05,
  "cosine_sim_softmax_std": 0.020416462332594577,
  "mse_kernel_mean": 19.551587677001955,
  "mse_kernel_std": 2.5566758629671997,
  "cosine_sim_kernel_mean": -0.004241671413183212,
  "cosine_sim_kernel_std": 0.028842192231575445,
  "mse_lowrank_block2_k1_mean": 19.631309700012206,
  "mse_lowrank_block2_k1_std": 2.4872879346927657,
  "cosine_sim_lowrank_block2_k1_mean": -0.001004492281936109,
  "cosine_sim_lowrank_block2_k1_std": 0.020389253023787506,
  "mse_lowrank_block2_k0.75_mean": 19.610760021209718,
  "mse_lowrank_block2_k0.75_std": 2.4717954579895802,
  "cosine_sim_lowrank_block2_k0.75_mean": 0.007126195123419166,
  "cosine_sim_lowrank_block2_k0.75_std": 0.015171311830334504,
  "mse_lowrank_block2_k0.5_mean": 19.619839477539063,
  "mse_lowrank_block2_k0.5_std": 2.4554366534131,
  "cosine_sim_lowrank_block2_k0.5_mean": -0.0015787164120411035,
  "cosine_sim_lowrank_block2_k0.5_std": 0.01746786096630796,
  "num_layers": 16,
  "train_steps": 0
}