{
  "mse_gd_mean": 6.098963069915771,
  "mse_gd_std": 0.8158075031781843,
  "mse_lsa_mean": 19.427867317199706,
  "mse_lsa_std": 2.4575123479661443,
  "cosine_sim_lsa_mean": -0.004205465875566005,
  "cosine_sim_lsa_std": 0.01863629665149344,
  "mse_softmax_mean": 19.421495628356933,
  "mse_softmax_std": 2.4879799205244946,
  "cosine_sim_softmax_mean": 0.014094797102734447,
  "cosine_sim_softmax_std": 0.014401323526978442,
  "mse_kernel_mean": 19.481075954437255,
  "mse_kernel_std": 2.480662712886325,
  "cosine_sim_kernel_mean": 0.0034765387943480166,
  "cosine_sim_kernel_std": 0.021368143719210565,
  "mse_lowrank_block2_k1_mean": 19.42382698059082,
  "mse_lowrank_block2_k1_std": 2.4732393859096273,
  "cosine_sim_lowrank_block2_k1_mean": 0.005573119875043631,
  "cosine_sim_lowrank_block2_k1_std": 0.021799152586514946,
  "mse_lowrank_block2_k0.75_mean": 19.403377723693847,
  "mse_lowrank_block2_k0.75_std": 2.3807977411198467,
  "cosine_sim_lowrank_block2_k0.75_mean": -0.0016371610632631927,
  "cosine_sim_lowrank_block2_k0.75_std": 0.015844101576856777,
  "mse_lowrank_block2_k0.5_mean": 19.405098915100098,
  "mse_lowrank_block2_k0.5_std": 2.4368283908012116,
  "cosine_sim_lowrank_block2_k0.5_mean": 0.0034194845989986788,
  "cosine_sim_lowrank_block2_k0.5_std": 0.01900189246466332,
  "num_layers": 8,
  "train_steps": 0
}