{
  "mse_gd_mean": 0.41050746142864225,
  "mse_gd_std": 0.06415320094104537,
  "mse_lsa_mean": 19.150328826904296,
  "mse_lsa_std": 1.7399891612379086,
  "cosine_sim_lsa_mean": 0.00949589372612536,
  "cosine_sim_lsa_std": 0.012758726018869807,
  "mse_softmax_mean": 19.135949516296385,
  "mse_softmax_std": 1.7532376298718768,
  "cosine_sim_softmax_mean": -0.004675987327937036,
  "cosine_sim_softmax_std": 0.017881524667453755,
  "mse_kernel_mean": 19.139251136779784,
  "mse_kernel_std": 1.705601426756072,
  "cosine_sim_kernel_mean": 0.004905802063876763,
  "cosine_sim_kernel_std": 0.020409444552513614,
  "mse_lowrank_block2_k1_mean": 19.226028633117675,
  "mse_lowrank_block2_k1_std": 1.8700718652311694,
  "cosine_sim_lowrank_block2_k1_mean": 0.00725472834892571,
  "cosine_sim_lowrank_block2_k1_std": 0.024622732588007328,
  "mse_lowrank_block2_k0.75_mean": 19.171640396118164,
  "mse_lowrank_block2_k0.75_std": 1.800846123265839,
  "cosine_sim_lowrank_block2_k0.75_mean": -0.0032361408229917288,
  "cosine_sim_lowrank_block2_k0.75_std": 0.020420182627219827,
  "mse_lowrank_block2_k0.5_mean": 19.12511863708496,
  "mse_lowrank_block2_k0.5_std": 1.7414100401879506,
  "cosine_sim_lowrank_block2_k0.5_mean": -0.0018248146952828392,
  "cosine_sim_lowrank_block2_k0.5_std": 0.021946060226334954,
  "num_layers": 64,
  "train_steps": 0
}