{
  "mse_gd_mean": 15.636255694973853,
  "mse_gd_std": 4.407538909052826,
  "mse_softmax_mean": 15.562341228608162,
  "mse_softmax_std": 4.180854846761208,
  "cosine_sim_softmax_mean": 0.5372511898317645,
  "cosine_sim_softmax_std": 0.036309250807012146,
  "mse_lowrank_k1_mean": 18.56318590717931,
  "mse_lowrank_k1_std": 5.121996321446193,
  "cosine_sim_lowrank_k1_mean": 0.30340182588946435,
  "cosine_sim_lowrank_k1_std": 0.05119335874479668,
  "mse_lowrank_k0.75_mean": 19.036153024242772,
  "mse_lowrank_k0.75_std": 5.495898006384369,
  "cosine_sim_lowrank_k0.75_mean": 0.0006048008799552917,
  "cosine_sim_lowrank_k0.75_std": 0.05152336060948153,
  "mse_lowrank_k0.5_mean": 19.064438266138875,
  "mse_lowrank_k0.5_std": 5.418646687513567,
  "cosine_sim_lowrank_k0.5_mean": 0.003964073685628753,
  "cosine_sim_lowrank_k0.5_std": 0.03841407053853213,
  "num_layers": 1,
  "proj_k_ratios": [
    1.0,
    0.75,
    0.5
  ],
  "share_ef": false,
  "orth_init": false
}