{
  "mse_gd_mean": 6.330020141601563,
  "mse_gd_std": 0.8104731581715104,
  "mse_gla_mean": 20.0620059967041,
  "mse_gla_std": 2.5589305047855837,
  "cosine_sim_gla_mean": 0.01636832468211651,
  "cosine_sim_gla_std": 0.02808366770967381,
  "mse_sparse_mean": 20.309909057617187,
  "mse_sparse_std": 2.6535258015203778,
  "cosine_sim_sparse_mean": 0.003983865771442652,
  "cosine_sim_sparse_std": 0.01987610874713718,
  "train_steps": 0
}