{
  "mse_gd_mean": 8.595627641677856,
  "mse_gd_std": 1.3613839023818182,
  "mse_lsa_mean": 7.038264608383178,
  "mse_lsa_std": 1.0119788334183606,
  "cosine_sim_lsa_mean": 0.8678775250911712,
  "cosine_sim_lsa_std": 0.0037249000083608348,
  "mse_gla_mean": 16.71198434829712,
  "mse_gla_std": 2.4956382331962015,
  "cosine_sim_gla_mean": 0.48423853516578674,
  "cosine_sim_gla_std": 0.01602835663106641,
  "mse_gqa_mean": 13.072949314117432,
  "mse_gqa_std": 2.118373606398315,
  "cosine_sim_gqa_mean": 0.7947775483131408,
  "cosine_sim_gqa_std": 0.011196751010799295,
  "mse_sparse_mean": 19.704167366027832,
  "mse_sparse_std": 2.872474379923774,
  "cosine_sim_sparse_mean": -0.0014783950289711356,
  "cosine_sim_sparse_std": 0.013794025257913017,
  "mse_softmax_mean": 13.887122917175294,
  "mse_softmax_std": 1.7367153095138388,
  "cosine_sim_softmax_mean": 0.7381194412708283,
  "cosine_sim_softmax_std": 0.012934693671508,
  "mse_kernel_mean": 6.932471799850464,
  "mse_kernel_std": 1.0072137159407013,
  "cosine_sim_kernel_mean": 0.8695726692676544,
  "cosine_sim_kernel_std": 0.004167850993659845,
  "mse_lowrank_k0.5_mean": 12.56753225326538,
  "mse_lowrank_k0.5_std": 1.9669714208634983,
  "cosine_sim_lowrank_k0.5_mean": 0.7846732616424561,
  "cosine_sim_lowrank_k0.5_std": 0.00971037779171271,
  "mse_lowrank_k0.6_mean": 13.833767414093018,
  "mse_lowrank_k0.6_std": 1.7243517358708134,
  "cosine_sim_lowrank_k0.6_mean": 0.7413194298744201,
  "cosine_sim_lowrank_k0.6_std": 0.01130020457113239,
  "mse_lowrank_k0.7_mean": 11.098892879486083,
  "mse_lowrank_k0.7_std": 1.2579342916009657,
  "cosine_sim_lowrank_k0.7_mean": 0.8576472699642181,
  "cosine_sim_lowrank_k0.7_std": 0.006578162526023663,
  "mse_lowrank_k0.8_mean": 8.734844446182251,
  "mse_lowrank_k0.8_std": 1.0860363109068796,
  "cosine_sim_lowrank_k0.8_mean": 0.9023109555244446,
  "cosine_sim_lowrank_k0.8_std": 0.003359234806206865,
  "mse_lowrank_k0.9_mean": 9.688554763793945,
  "mse_lowrank_k0.9_std": 1.5262581062919156,
  "cosine_sim_lowrank_k0.9_mean": 0.9034318447113037,
  "cosine_sim_lowrank_k0.9_std": 0.004149206936939987,
  "mse_lowrank_k1_mean": 9.173194551467896,
  "mse_lowrank_k1_std": 1.5425324975132413,
  "cosine_sim_lowrank_k1_mean": 0.9066423058509827,
  "cosine_sim_lowrank_k1_std": 0.004595801608393097,
  "n_points": 20
}