{
  "mse_gd_mean": 14.719664001464844,
  "mse_gd_std": 2.0221453371401403,
  "mse_lsa_mean": 19.50177068710327,
  "mse_lsa_std": 3.239872616736441,
  "cosine_sim_lsa_mean": -0.004084306323784403,
  "cosine_sim_lsa_std": 0.01009036239701885,
  "mse_gla_mean": 19.453338050842284,
  "mse_gla_std": 3.273316688082686,
  "cosine_sim_gla_mean": 0.011362139135599136,
  "cosine_sim_gla_std": 0.020585278817122094,
  "mse_gqa_mean": 19.488381385803223,
  "mse_gqa_std": 3.302981431098104,
  "cosine_sim_gqa_mean": -0.003949197242036462,
  "cosine_sim_gqa_std": 0.020778282679177557,
  "mse_sparse_mean": 19.880307388305663,
  "mse_sparse_std": 3.249166501857742,
  "cosine_sim_sparse_mean": -0.005936300725443289,
  "cosine_sim_sparse_std": 0.020734884030950952,
  "mse_softmax_mean": 19.501834392547607,
  "mse_softmax_std": 3.2608465649715077,
  "cosine_sim_softmax_mean": -0.002571431273827329,
  "cosine_sim_softmax_std": 0.020664352271230195,
  "mse_kernel_mean": 19.524815845489503,
  "mse_kernel_std": 3.2765989401818283,
  "cosine_sim_kernel_mean": 0.013336621131747961,
  "cosine_sim_kernel_std": 0.021523501894943165,
  "mse_lowrank_block2_k0.5_mean": 19.482956314086913,
  "mse_lowrank_block2_k0.5_std": 3.256098342874876,
  "cosine_sim_lowrank_block2_k0.5_mean": 0.012643039552494883,
  "cosine_sim_lowrank_block2_k0.5_std": 0.01893752353023776,
  "mse_lowrank_block2_k0.6_mean": 19.527709770202637,
  "mse_lowrank_block2_k0.6_std": 3.240078543268546,
  "cosine_sim_lowrank_block2_k0.6_mean": -0.0010396989644505083,
  "cosine_sim_lowrank_block2_k0.6_std": 0.017524933188137828,
  "mse_lowrank_block2_k0.7_mean": 19.503968334198,
  "mse_lowrank_block2_k0.7_std": 3.3041190589244915,
  "cosine_sim_lowrank_block2_k0.7_mean": -0.0015610074973665179,
  "cosine_sim_lowrank_block2_k0.7_std": 0.01783907326991141,
  "mse_lowrank_block2_k0.8_mean": 19.456715774536132,
  "mse_lowrank_block2_k0.8_std": 3.248317953051246,
  "cosine_sim_lowrank_block2_k0.8_mean": -0.001678847734001465,
  "cosine_sim_lowrank_block2_k0.8_std": 0.021656073311006507,
  "mse_lowrank_block2_k0.9_mean": 19.47349910736084,
  "mse_lowrank_block2_k0.9_std": 3.2507853060230705,
  "cosine_sim_lowrank_block2_k0.9_mean": 0.0011008003493770957,
  "cosine_sim_lowrank_block2_k0.9_std": 0.016283512154940206,
  "mse_lowrank_block2_k1_mean": 19.464593029022218,
  "mse_lowrank_block2_k1_std": 3.2645163698072515,
  "cosine_sim_lowrank_block2_k1_mean": 0.01291565721621737,
  "cosine_sim_lowrank_block2_k1_std": 0.022438686887057115,
  "n_points": 5,
  "train_steps": 0
}