{
  "mse_gd_mean": 8.429678392410278,
  "mse_gd_std": 1.5487009051363323,
  "mse_lsa_mean": 20.353642463684082,
  "mse_lsa_std": 2.830784596933011,
  "cosine_sim_lsa_mean": -0.0003620228497311473,
  "cosine_sim_lsa_std": 0.022975805238228574,
  "mse_gla_mean": 20.334641456604004,
  "mse_gla_std": 2.904160323898523,
  "cosine_sim_gla_mean": 0.014375321652914863,
  "cosine_sim_gla_std": 0.019202392767894084,
  "mse_gqa_mean": 20.33144645690918,
  "mse_gqa_std": 2.9357828126503525,
  "cosine_sim_gqa_mean": -2.344571112189442e-05,
  "cosine_sim_gqa_std": 0.019239273063128594,
  "mse_sparse_mean": 20.539971160888673,
  "mse_sparse_std": 3.081805952949406,
  "cosine_sim_sparse_mean": 0.0006950748618692159,
  "cosine_sim_sparse_std": 0.015988541907861493,
  "mse_softmax_mean": 20.36428108215332,
  "mse_softmax_std": 2.938691076682423,
  "cosine_sim_softmax_mean": -0.004274413385428488,
  "cosine_sim_softmax_std": 0.01286522654549456,
  "mse_kernel_mean": 20.433952140808106,
  "mse_kernel_std": 2.9392103773816647,
  "cosine_sim_kernel_mean": -0.007807131150912028,
  "cosine_sim_kernel_std": 0.017693590324259347,
  "mse_lowrank_k0.5_mean": 20.343383026123046,
  "mse_lowrank_k0.5_std": 2.934121912036773,
  "cosine_sim_lowrank_k0.5_mean": 0.010518423304893077,
  "cosine_sim_lowrank_k0.5_std": 0.018188511440407895,
  "mse_lowrank_k0.6_mean": 20.32957935333252,
  "mse_lowrank_k0.6_std": 2.9013131774574545,
  "cosine_sim_lowrank_k0.6_mean": 0.010153349093161523,
  "cosine_sim_lowrank_k0.6_std": 0.011796779178102915,
  "mse_lowrank_k0.7_mean": 20.371309089660645,
  "mse_lowrank_k0.7_std": 2.8329926399983507,
  "cosine_sim_lowrank_k0.7_mean": -0.0012589600053615868,
  "cosine_sim_lowrank_k0.7_std": 0.016888136024396247,
  "mse_lowrank_k0.8_mean": 20.339530372619627,
  "mse_lowrank_k0.8_std": 2.882483871976857,
  "cosine_sim_lowrank_k0.8_mean": 0.01007278269244125,
  "cosine_sim_lowrank_k0.8_std": 0.011153106491927706,
  "mse_lowrank_k0.9_mean": 20.34571781158447,
  "mse_lowrank_k0.9_std": 2.910030464554679,
  "cosine_sim_lowrank_k0.9_mean": -0.004682097444310784,
  "cosine_sim_lowrank_k0.9_std": 0.01758509130089355,
  "mse_lowrank_k1_mean": 20.330767822265624,
  "mse_lowrank_k1_std": 2.855165802623284,
  "cosine_sim_lowrank_k1_mean": -0.00487219353672117,
  "cosine_sim_lowrank_k1_std": 0.021540260077319236,
  "n_points": 20,
  "train_steps": 0
}