{
  "mse_gd_mean": 6.167936134338379,
  "mse_gd_std": 1.2946506867878371,
  "mse_lsa_mean": 19.527758407592774,
  "mse_lsa_std": 3.420985199083263,
  "cosine_sim_lsa_mean": 0.005232004367280751,
  "cosine_sim_lsa_std": 0.017793274516187743,
  "mse_gla_mean": 19.57854595184326,
  "mse_gla_std": 3.5075481659992107,
  "cosine_sim_gla_mean": -0.005722979793790728,
  "cosine_sim_gla_std": 0.022549288810905375,
  "mse_gqa_mean": 19.543218517303465,
  "mse_gqa_std": 3.393522166892197,
  "cosine_sim_gqa_mean": -0.0038299721898511054,
  "cosine_sim_gqa_std": 0.023485106709371425,
  "mse_sparse_mean": 20.302824687957763,
  "mse_sparse_std": 3.4034232373981244,
  "cosine_sim_sparse_mean": 0.0010882013011723757,
  "cosine_sim_sparse_std": 0.022786404563053718,
  "mse_softmax_mean": 19.520250225067137,
  "mse_softmax_std": 3.4468843877854627,
  "cosine_sim_softmax_mean": 0.0012499567004851998,
  "cosine_sim_softmax_std": 0.02168024322567233,
  "mse_kernel_mean": 19.526817798614502,
  "mse_kernel_std": 3.4281263650691427,
  "cosine_sim_kernel_mean": -0.011175993969663978,
  "cosine_sim_kernel_std": 0.02156500208853528,
  "mse_lowrank_k0.5_mean": 19.46658363342285,
  "mse_lowrank_k0.5_std": 3.3620212999450447,
  "cosine_sim_lowrank_k0.5_mean": 0.009960924665210768,
  "cosine_sim_lowrank_k0.5_std": 0.024106386831510583,
  "mse_lowrank_k0.6_mean": 19.49897689819336,
  "mse_lowrank_k0.6_std": 3.441218694885966,
  "cosine_sim_lowrank_k0.6_mean": -0.007919110311195254,
  "cosine_sim_lowrank_k0.6_std": 0.01650817961381589,
  "mse_lowrank_k0.7_mean": 19.52146167755127,
  "mse_lowrank_k0.7_std": 3.4506987768560093,
  "cosine_sim_lowrank_k0.7_mean": -0.008760822261683643,
  "cosine_sim_lowrank_k0.7_std": 0.021785986504345767,
  "mse_lowrank_k0.8_mean": 19.505049324035646,
  "mse_lowrank_k0.8_std": 3.4107849856568575,
  "cosine_sim_lowrank_k0.8_mean": 0.009735151217319072,
  "cosine_sim_lowrank_k0.8_std": 0.015710880040926297,
  "mse_lowrank_k0.9_mean": 19.499047565460206,
  "mse_lowrank_k0.9_std": 3.4079535663107796,
  "cosine_sim_lowrank_k0.9_mean": -0.0031384952832013368,
  "cosine_sim_lowrank_k0.9_std": 0.02144887191100593,
  "mse_lowrank_k1_mean": 19.529273509979248,
  "mse_lowrank_k1_std": 3.4807818558479084,
  "cosine_sim_lowrank_k1_mean": -0.006375223584473133,
  "cosine_sim_lowrank_k1_std": 0.026149762609505436,
  "n_points": 40,
  "train_steps": 0
}