{
  "mse_gd_mean": 6.057119131088257,
  "mse_gd_std": 0.8540045691373621,
  "mse_lsa_mean": 5.230754661560058,
  "mse_lsa_std": 0.9355910513761757,
  "cosine_sim_lsa_mean": 0.8840100228786468,
  "cosine_sim_lsa_std": 0.005032726985487633,
  "mse_softmax_mean": 15.271691799163818,
  "mse_softmax_std": 2.4824111261395916,
  "cosine_sim_softmax_mean": 0.5070112913846969,
  "cosine_sim_softmax_std": 0.017097375738818688,
  "mse_kernel_mean": 5.512237501144409,
  "mse_kernel_std": 0.9526997433168399,
  "cosine_sim_kernel_mean": 0.8838631808757782,
  "cosine_sim_kernel_std": 0.004393597614032634,
  "mse_lowrank_k1_mean": 10.267319631576537,
  "mse_lowrank_k1_std": 1.9126118181351577,
  "cosine_sim_lowrank_k1_mean": 0.8227882742881775,
  "cosine_sim_lowrank_k1_std": 0.006448766429266859,
  "mse_lowrank_k0.75_mean": 19.26075973510742,
  "mse_lowrank_k0.75_std": 3.128947439702223,
  "cosine_sim_lowrank_k0.75_mean": 0.008092420652974396,
  "cosine_sim_lowrank_k0.75_std": 0.01717265330146287,
  "mse_lowrank_k0.5_mean": 14.160432529449462,
  "mse_lowrank_k0.5_std": 2.7790177111917393,
  "cosine_sim_lowrank_k0.5_mean": 0.6015461266040802,
  "cosine_sim_lowrank_k0.5_std": 0.013012763617368603,
  "n_points": 40
}