{
  "mse_gd_mean": 16.291539192199707,
  "mse_gd_std": 1.8589334267972362,
  "mse_lsa_mean": 17.972419834136964,
  "mse_lsa_std": 2.598791451012445,
  "cosine_sim_lsa_mean": 0.8661881983280182,
  "cosine_sim_lsa_std": 0.004243142609481335,
  "mse_softmax_mean": 19.147142219543458,
  "mse_softmax_std": 2.789769351355744,
  "cosine_sim_softmax_mean": 0.6610868334770202,
  "cosine_sim_softmax_std": 0.008268773675165124,
  "mse_kernel_mean": 18.06220073699951,
  "mse_kernel_std": 2.885090366578699,
  "cosine_sim_kernel_mean": 0.8410011887550354,
  "cosine_sim_kernel_std": 0.007311082838987279,
  "mse_lowrank_block2_k1_mean": 19.48678331375122,
  "mse_lowrank_block2_k1_std": 2.6536349474461165,
  "cosine_sim_lowrank_block2_k1_mean": 0.614102053642273,
  "cosine_sim_lowrank_block2_k1_std": 0.013463622835138979,
  "mse_lowrank_block2_k0.75_mean": 20.46134748458862,
  "mse_lowrank_block2_k0.75_std": 2.91403790577905,
  "cosine_sim_lowrank_block2_k0.75_mean": 0.5024653434753418,
  "cosine_sim_lowrank_block2_k0.75_std": 0.022977235060939304,
  "mse_lowrank_block2_k0.5_mean": 21.57385387420654,
  "mse_lowrank_block2_k0.5_std": 3.4824947200381238,
  "cosine_sim_lowrank_block2_k0.5_mean": 0.19673057347536088,
  "cosine_sim_lowrank_block2_k0.5_std": 0.024285702903720785,
  "n_points": 5
}