{
  "mse_gd_mean": 8.474681282043457,
  "mse_gd_std": 1.530807491779139,
  "mse_lsa_mean": 8.655064105987549,
  "mse_lsa_std": 1.3516706822057933,
  "cosine_sim_lsa_mean": 0.8992501437664032,
  "cosine_sim_lsa_std": 0.004927636124262073,
  "mse_softmax_mean": 17.493889236450194,
  "mse_softmax_std": 2.2530341104776666,
  "cosine_sim_softmax_mean": 0.4297554731369019,
  "cosine_sim_softmax_std": 0.010623539263228754,
  "mse_kernel_mean": 9.152322626113891,
  "mse_kernel_std": 1.517263420261266,
  "cosine_sim_kernel_mean": 0.8943670094013214,
  "cosine_sim_kernel_std": 0.005271818318206011,
  "mse_lowrank_k1_mean": 13.120665740966796,
  "mse_lowrank_k1_std": 1.7039820251779974,
  "cosine_sim_lowrank_k1_mean": 0.8070461034774781,
  "cosine_sim_lowrank_k1_std": 0.009380956604079747,
  "mse_lowrank_k0.75_mean": 14.708984279632569,
  "mse_lowrank_k0.75_std": 1.9674117641858173,
  "cosine_sim_lowrank_k0.75_mean": 0.676115745306015,
  "cosine_sim_lowrank_k0.75_std": 0.014940082449286666,
  "mse_lowrank_k0.5_mean": 16.160888671875,
  "mse_lowrank_k0.5_std": 2.4601484753867817,
  "cosine_sim_lowrank_k0.5_mean": 0.6349159955978394,
  "cosine_sim_lowrank_k0.5_std": 0.01900840255859632,
  "n_points": 20
}