{
  "mse_gd_mean": 12.555280780792236,
  "mse_gd_std": 2.016324279052356,
  "mse_lsa_mean": 14.336367797851562,
  "mse_lsa_std": 1.7692293313349143,
  "cosine_sim_lsa_mean": 0.8888390719890594,
  "cosine_sim_lsa_std": 0.0039565499882873315,
  "mse_softmax_mean": 16.552800750732423,
  "mse_softmax_std": 1.7318260223772337,
  "cosine_sim_softmax_mean": 0.7222919583320617,
  "cosine_sim_softmax_std": 0.011899178993937318,
  "mse_kernel_mean": 14.60548791885376,
  "mse_kernel_std": 2.3539730993355823,
  "cosine_sim_kernel_mean": 0.8843399226665497,
  "cosine_sim_kernel_std": 0.0044802634294304425,
  "mse_lowrank_k1_mean": 16.152401161193847,
  "mse_lowrank_k1_std": 1.9804636450351003,
  "cosine_sim_lowrank_k1_mean": 0.7540637433528901,
  "cosine_sim_lowrank_k1_std": 0.00982284492196568,
  "mse_lowrank_k0.75_mean": 17.632908725738524,
  "mse_lowrank_k0.75_std": 1.887614253232436,
  "cosine_sim_lowrank_k0.75_mean": 0.6066642105579376,
  "cosine_sim_lowrank_k0.75_std": 0.009881313326762618,
  "mse_lowrank_k0.5_mean": 18.377584648132324,
  "mse_lowrank_k0.5_std": 2.098376656215232,
  "cosine_sim_lowrank_k0.5_mean": 0.40426512658596037,
  "cosine_sim_lowrank_k0.5_std": 0.02368484381037673,
  "n_points": 10
}