{
  "mse_gd_mean": 9.750417570913992,
  "mse_gd_std": 2.7606256562120635,
  "mse_softmax_mean": 14.340806376549505,
  "mse_softmax_std": 3.48698115395173,
  "cosine_sim_softmax_mean": 0.6548837250278842,
  "cosine_sim_softmax_std": 0.01719401500174546,
  "mse_lowrank_k1_mean": 8.451540254777477,
  "mse_lowrank_k1_std": 2.7383421398149266,
  "cosine_sim_lowrank_k1_mean": 0.851165235042572,
  "cosine_sim_lowrank_k1_std": 0.014140302477421722,
  "mse_lowrank_k0.75_mean": 19.000561591117613,
  "mse_lowrank_k0.75_std": 5.005136371008825,
  "cosine_sim_lowrank_k0.75_mean": 0.0067167773001617,
  "cosine_sim_lowrank_k0.75_std": 0.03632803924438279,
  "mse_lowrank_k0.5_mean": 19.019342514776415,
  "mse_lowrank_k0.5_std": 5.00518742053435,
  "cosine_sim_lowrank_k0.5_mean": 0.0037569718195065377,
  "cosine_sim_lowrank_k0.5_std": 0.03864538264918472,
  "num_layers": 4,
  "proj_k_ratios": [
    1.0,
    0.75,
    0.5
  ],
  "share_ef": false,
  "orth_init": false
}