{
  "mse_gd_mean": 8.804031372070312,
  "mse_gd_std": 1.3179093657904586,
  "mse_lsa_mean": 8.072083377838135,
  "mse_lsa_std": 1.4129323204606643,
  "cosine_sim_lsa_mean": 0.8866133332252503,
  "cosine_sim_lsa_std": 0.007266424570005514,
  "mse_gla_mean": 12.505037212371827,
  "mse_gla_std": 1.736941412292224,
  "cosine_sim_gla_mean": 0.8201566278934479,
  "cosine_sim_gla_std": 0.008155346606500666,
  "mse_gqa_mean": 11.568321895599365,
  "mse_gqa_std": 1.524498812783008,
  "cosine_sim_gqa_mean": 0.8561392009258271,
  "cosine_sim_gqa_std": 0.006426556530615141,
  "mse_sparse_mean": 19.69350700378418,
  "mse_sparse_std": 1.7098299281551304,
  "cosine_sim_sparse_mean": -0.003165122657082975,
  "cosine_sim_sparse_std": 0.020203192497658364,
  "mse_softmax_mean": 11.19162368774414,
  "mse_softmax_std": 1.532244484303527,
  "cosine_sim_softmax_mean": 0.8782271444797516,
  "cosine_sim_softmax_std": 0.0056740068118684255,
  "mse_kernel_mean": 7.700657987594605,
  "mse_kernel_std": 1.758958407911136,
  "cosine_sim_kernel_mean": 0.8793489098548889,
  "cosine_sim_kernel_std": 0.00601674299672422,
  "mse_lowrank_k1_mean": 10.952410316467285,
  "mse_lowrank_k1_std": 1.6677411058229756,
  "cosine_sim_lowrank_k1_mean": 0.9024206697940826,
  "cosine_sim_lowrank_k1_std": 0.006522286291723924,
  "mse_lowrank_k0.75_mean": 12.082255268096924,
  "mse_lowrank_k0.75_std": 1.4825696482226594,
  "cosine_sim_lowrank_k0.75_mean": 0.8315195381641388,
  "cosine_sim_lowrank_k0.75_std": 0.007414985844594102,
  "mse_lowrank_k0.5_mean": 10.458368682861328,
  "mse_lowrank_k0.5_std": 1.9435070306065252,
  "cosine_sim_lowrank_k0.5_mean": 0.891472864151001,
  "cosine_sim_lowrank_k0.5_std": 0.004811898213910173,
  "n_points": 20
}