{
  "mse_gd_mean": 6.100109052658081,
  "mse_gd_std": 0.906467753892927,
  "mse_lsa_mean": 3.319444942474365,
  "mse_lsa_std": 0.6536310232586995,
  "cosine_sim_lsa_mean": 0.8745595574378967,
  "cosine_sim_lsa_std": 0.004310913555367302,
  "mse_gla_mean": 12.652018356323243,
  "mse_gla_std": 1.8975121293614716,
  "cosine_sim_gla_mean": 0.7142996788024902,
  "cosine_sim_gla_std": 0.012419989769543461,
  "mse_gqa_mean": 6.802241706848145,
  "mse_gqa_std": 1.267233838481493,
  "cosine_sim_gqa_mean": 0.9016718626022339,
  "cosine_sim_gqa_std": 0.00531136240392492,
  "mse_sparse_mean": 20.25151252746582,
  "mse_sparse_std": 2.2632553000497673,
  "cosine_sim_sparse_mean": -0.0022025147161912175,
  "cosine_sim_sparse_std": 0.029810866101866108,
  "mse_softmax_mean": 7.180506992340088,
  "mse_softmax_std": 1.0302307357406537,
  "cosine_sim_softmax_mean": 0.8990804076194763,
  "cosine_sim_softmax_std": 0.006026084066122559,
  "mse_kernel_mean": 3.5987050771713256,
  "mse_kernel_std": 0.6109015918047869,
  "cosine_sim_kernel_mean": 0.871775108575821,
  "cosine_sim_kernel_std": 0.0050920772798202845,
  "mse_lowrank_k1_mean": 5.0886197805404665,
  "mse_lowrank_k1_std": 1.118866611070187,
  "cosine_sim_lowrank_k1_mean": 0.8872162461280823,
  "cosine_sim_lowrank_k1_std": 0.006383730150335569,
  "mse_lowrank_k0.75_mean": 4.536130762100219,
  "mse_lowrank_k0.75_std": 0.6655787704297722,
  "cosine_sim_lowrank_k0.75_mean": 0.9055559039115906,
  "cosine_sim_lowrank_k0.75_std": 0.004918430333557388,
  "mse_lowrank_k0.5_mean": 7.288265943527222,
  "mse_lowrank_k0.5_std": 0.9003981655961528,
  "cosine_sim_lowrank_k0.5_mean": 0.8917422354221344,
  "cosine_sim_lowrank_k0.5_std": 0.003402258530472316,
  "n_points": 40
}