{
  "mse": 6.716687440872192,
  "nmse": 1.4912461042404175,
  "least_squares_mse": 4.7535871181177136e-11,
  "min_norm_mse": 4.7535871181177136e-11,
  "ridge_mse": 0.4840778410434723,
  "knn_mse": 4.295638680458069,
  "averaging_mse": 6.129355192184448,
  "cosine_alignment": -0.058266060426831245
}