step,num_layers,mse_gqa_mean,mse_gqa_std,mse_lsa_mean,mse_lsa_std,mse_gd_mean,mse_gd_std,cosine_lsa_mean,cosine_lsa_std,cosine_gd_mean,cosine_gd_std
1,2,10.090853277842204,1.516910730503207,0.020795577273258915,0.03651972231726197,8.626527865727743,1.203785264662849,0.9988125006357829,0.001132807299981309,0.7281420210997264,0.008319150880528389
200,2,6.008729902903239,0.8064581465543338,0.0113126497962791,0.018401049817281197,9.07458454767863,1.3209819746229097,0.9992794513702392,0.0007153739580497105,0.72711274822553,0.007540977946056289
400,2,4.7377402226130165,0.5945497364743512,0.01813903320993783,0.01884576145987227,8.54828764597575,0.8901975481167691,0.9988257904847463,0.0009776861033504794,0.725574670235316,0.008660839035325395
600,2,4.2277464151382445,0.541110998083036,0.013770947892771801,0.016499686791306787,8.457603311538696,1.0195939145190451,0.99913622935613,0.0007223440142629356,0.7263042112191518,0.008080475861690624
800,2,4.288978314399719,0.5373095073043297,0.01540144389099775,0.024760697021684264,8.744163322448731,1.0836165580412662,0.9993473748366039,0.0007455508463205079,0.7271794895331065,0.0086656050006146
1000,2,4.025575621922811,0.7130161695428342,0.014336909114740592,0.024594308197869487,9.024719397226969,1.3832773794199191,0.9992220203081766,0.0008308184914376979,0.7261313458283742,0.00902593709345311
