step,num_layers,mse_gqa_mean,mse_gqa_std,mse_lsa_mean,mse_lsa_std,mse_gd_mean,mse_gd_std,cosine_lsa_mean,cosine_lsa_std,cosine_gd_mean,cosine_gd_std
1,4,10.618527634938557,1.1526792777323425,0.013879668162432305,0.018439763275791714,8.956490675608316,0.9791108705634672,0.9990609367688497,0.0008064965495033655,0.7216572165489197,0.008692654013456116
200,4,5.248725310961405,0.662618252845526,0.01393654906108471,0.014712304618346545,8.671840874354045,1.2436768149746793,0.9990666925907135,0.0008929809168044756,0.7243791083494823,0.009761407540826295
400,4,4.176143352190653,0.6526246450746371,0.006872772614042333,0.009744305575037047,9.005699412027996,1.3775716932047397,0.9992575546105703,0.0006723525849738135,0.7272364219029744,0.007098427919230866
600,4,3.48364896774292,0.5109377118952325,0.013795798485701501,0.018464000968272862,8.593607314427693,1.6206544239307343,0.9990453640619914,0.000999911687252609,0.7295039673646291,0.007040880148405747
800,4,3.3275486787160236,0.49031376616786093,0.02309123411729009,0.03799315902168069,8.670973428090413,1.0766961570546103,0.9988119920094808,0.0012431104433650111,0.7240611871083578,0.008320312952080019
1000,4,3.2529879093170164,0.48295994992486324,0.020157852000844894,0.03352335516007557,9.081816720962525,1.0144146936699905,0.9990948855876922,0.0010014277444272946,0.7238495786984761,0.009423290344338647
