step,num_layers,mse_gqa_mean,mse_gqa_std,mse_lsa_mean,mse_lsa_std,mse_gd_mean,mse_gd_std,cosine_lsa_mean,cosine_lsa_std,cosine_gd_mean,cosine_gd_std
1,1,10.403891992568969,1.2547434644920736,0.02268133103004099,0.028301465898383903,8.94721778233846,1.1115961937511276,0.9988510966300964,0.0011034199986875595,0.7266843676567077,0.009232885519375194
200,1,6.2644373893737795,0.7678705274238825,0.010786064030950608,0.02050016145515288,8.840160671869914,1.032447020194764,0.9992870688438416,0.0006963436718852082,0.724596361319224,0.007267546656268919
400,1,5.9185709953308105,0.9842416830993448,0.017551897612459774,0.031265360686120854,8.999031829833985,1.1022339949514384,0.9989376087983449,0.0011714445147794365,0.7278605242570241,0.0073898895337743305
600,1,5.636843856175741,0.6650704212910652,0.018220702583569923,0.025443265327880764,8.693727191289266,1.084986994390722,0.9989327549934387,0.0012556316660809895,0.726617964108785,0.009752403993023077
800,1,5.606512530644735,0.7997172197579338,0.011150314860553104,0.01362908511640795,8.88337721824646,1.0564678539148493,0.9990211427211761,0.0008858092756667701,0.7244393626848856,0.006996573497783801
1000,1,5.307233738899231,0.6224261231120198,0.02194664212402131,0.042740861898203246,8.663280900319418,1.1658549255811874,0.9989722371101379,0.0007442164423283839,0.7272053678830465,0.00842203803798057
