{
  "mse_gd_mean": 6.157779693603516,
  "mse_gd_std": 0.9529483559740674,
  "mse_lsa_mean": 6.0837267398834225,
  "mse_lsa_std": 0.7413335092660035,
  "cosine_sim_lsa_mean": 0.8959612727165223,
  "cosine_sim_lsa_std": 0.004969960398567678,
  "mse_gla_mean": 19.399267196655273,
  "mse_gla_std": 2.6210523872129077,
  "cosine_sim_gla_mean": 0.05910969681572169,
  "cosine_sim_gla_std": 0.025226271688741884,
  "mse_gqa_mean": 16.111774063110353,
  "mse_gqa_std": 2.1027885896000393,
  "cosine_sim_gqa_mean": 0.503068134188652,
  "cosine_sim_gqa_std": 0.009636055892020299,
  "mse_sparse_mean": 19.45322189331055,
  "mse_sparse_std": 2.5971673857697795,
  "cosine_sim_sparse_mean": -3.180289641022682e-05,
  "cosine_sim_sparse_std": 0.02505831385044531,
  "mse_softmax_mean": 13.669244861602783,
  "mse_softmax_std": 1.1958544596939877,
  "cosine_sim_softmax_mean": 0.6858610570430755,
  "cosine_sim_softmax_std": 0.014203825933371484,
  "mse_kernel_mean": 5.830121326446533,
  "mse_kernel_std": 0.9211787744607195,
  "cosine_sim_kernel_mean": 0.8948599338531494,
  "cosine_sim_kernel_std": 0.004177367136241707,
  "mse_lowrank_block2_k0.5_mean": 12.966906642913818,
  "mse_lowrank_block2_k0.5_std": 1.6499278346087205,
  "cosine_sim_lowrank_block2_k0.5_mean": 0.7153335273265838,
  "cosine_sim_lowrank_block2_k0.5_std": 0.011420258869406131,
  "mse_lowrank_block2_k0.6_mean": 9.54291844367981,
  "mse_lowrank_block2_k0.6_std": 1.3228997287159068,
  "cosine_sim_lowrank_block2_k0.6_mean": 0.8281270802021027,
  "cosine_sim_lowrank_block2_k0.6_std": 0.007572095981072658,
  "mse_lowrank_block2_k0.7_mean": 9.952322101593017,
  "mse_lowrank_block2_k0.7_std": 0.8841979301844712,
  "cosine_sim_lowrank_block2_k0.7_mean": 0.8095869779586792,
  "cosine_sim_lowrank_block2_k0.7_std": 0.007792743124024285,
  "mse_lowrank_block2_k0.8_mean": 10.201241302490235,
  "mse_lowrank_block2_k0.8_std": 1.1627350108758447,
  "cosine_sim_lowrank_block2_k0.8_mean": 0.8201602816581726,
  "cosine_sim_lowrank_block2_k0.8_std": 0.008246053205798822,
  "mse_lowrank_block2_k0.9_mean": 7.906797647476196,
  "mse_lowrank_block2_k0.9_std": 0.5859550415415911,
  "cosine_sim_lowrank_block2_k0.9_mean": 0.8501281082630158,
  "cosine_sim_lowrank_block2_k0.9_std": 0.006073587427262744,
  "mse_lowrank_block2_k1_mean": 8.433255243301392,
  "mse_lowrank_block2_k1_std": 1.3061839684818166,
  "cosine_sim_lowrank_block2_k1_mean": 0.8677900016307831,
  "cosine_sim_lowrank_block2_k1_std": 0.007608220706342552,
  "train_steps": 2000
}