{
  "mse_gd_mean": 6.221770524978638,
  "mse_gd_std": 1.193038868123543,
  "mse_lsa_mean": 19.471342277526855,
  "mse_lsa_std": 3.0451234031922074,
  "cosine_sim_lsa_mean": -0.005887043382972479,
  "cosine_sim_lsa_std": 0.02174183809334091,
  "mse_gla_mean": 19.458836841583253,
  "mse_gla_std": 3.0510351786394376,
  "cosine_sim_gla_mean": 0.0017084349237848073,
  "cosine_sim_gla_std": 0.025447725710500902,
  "mse_gqa_mean": 19.446668529510497,
  "mse_gqa_std": 3.018007410864744,
  "cosine_sim_gqa_mean": -0.01248208808247,
  "cosine_sim_gqa_std": 0.033598293700921524,
  "mse_sparse_mean": 22.490787506103516,
  "mse_sparse_std": 3.5847703128636823,
  "cosine_sim_sparse_mean": 0.003988326666876674,
  "cosine_sim_sparse_std": 0.019649808258738303,
  "mse_softmax_mean": 19.608830165863036,
  "mse_softmax_std": 3.0020886597388317,
  "cosine_sim_softmax_mean": -0.00797674945788458,
  "cosine_sim_softmax_std": 0.019864507138517316,
  "mse_kernel_mean": 19.4881893157959,
  "mse_kernel_std": 3.12674585268138,
  "cosine_sim_kernel_mean": 0.010035069461446255,
  "cosine_sim_kernel_std": 0.01704137394059102,
  "mse_lowrank_block2_k0.5_mean": 19.56431884765625,
  "mse_lowrank_block2_k0.5_std": 3.111684215898718,
  "cosine_sim_lowrank_block2_k0.5_mean": 0.0050525293219834564,
  "cosine_sim_lowrank_block2_k0.5_std": 0.01995550418933586,
  "mse_lowrank_block2_k0.6_mean": 19.49136037826538,
  "mse_lowrank_block2_k0.6_std": 3.033375105524502,
  "cosine_sim_lowrank_block2_k0.6_mean": -0.007950617698952556,
  "cosine_sim_lowrank_block2_k0.6_std": 0.03022893947188266,
  "mse_lowrank_block2_k0.7_mean": 19.65489740371704,
  "mse_lowrank_block2_k0.7_std": 3.0880325233847095,
  "cosine_sim_lowrank_block2_k0.7_mean": 0.005070389545289799,
  "cosine_sim_lowrank_block2_k0.7_std": 0.01903188114196214,
  "mse_lowrank_block2_k0.8_mean": 19.54103775024414,
  "mse_lowrank_block2_k0.8_std": 3.055028233547987,
  "cosine_sim_lowrank_block2_k0.8_mean": -0.0071054828469641505,
  "cosine_sim_lowrank_block2_k0.8_std": 0.016937955611395945,
  "mse_lowrank_block2_k0.9_mean": 19.556413078308104,
  "mse_lowrank_block2_k0.9_std": 3.0239054249686537,
  "cosine_sim_lowrank_block2_k0.9_mean": -0.005377001258602831,
  "cosine_sim_lowrank_block2_k0.9_std": 0.026931128055612236,
  "mse_lowrank_block2_k1_mean": 19.530137252807616,
  "mse_lowrank_block2_k1_std": 3.033188738091471,
  "cosine_sim_lowrank_block2_k1_mean": 0.0056907064514234666,
  "cosine_sim_lowrank_block2_k1_std": 0.026773382281902826,
  "train_steps": 0
}