{
  "mse_gd_mean": 6.237344264984131,
  "mse_gd_std": 1.0146190727359286,
  "mse_lsa_mean": 7.711857604980469,
  "mse_lsa_std": 1.1109003281203198,
  "cosine_sim_lsa_mean": 0.8823413729667664,
  "cosine_sim_lsa_std": 0.0050071008150762075,
  "mse_gla_mean": 20.28977565765381,
  "mse_gla_std": 2.730702943725471,
  "cosine_sim_gla_mean": -0.0016193380113691091,
  "cosine_sim_gla_std": 0.019692298761673607,
  "mse_gqa_mean": 19.8946870803833,
  "mse_gqa_std": 2.5175656510319318,
  "cosine_sim_gqa_mean": 0.16984798535704612,
  "cosine_sim_gqa_std": 0.02121676905106941,
  "mse_sparse_mean": 20.343156242370604,
  "mse_sparse_std": 2.6973914900133686,
  "cosine_sim_sparse_mean": -0.000214037811383605,
  "cosine_sim_sparse_std": 0.015769327438590473,
  "mse_softmax_mean": 19.65169906616211,
  "mse_softmax_std": 2.545833988530195,
  "cosine_sim_softmax_mean": 0.23033345490694046,
  "cosine_sim_softmax_std": 0.014269060800366024,
  "mse_kernel_mean": 6.907672786712647,
  "mse_kernel_std": 1.1913643067955877,
  "cosine_sim_kernel_mean": 0.8828775644302368,
  "cosine_sim_kernel_std": 0.005564067121056101,
  "mse_lowrank_block2_k0.5_mean": 20.29204578399658,
  "mse_lowrank_block2_k0.5_std": 2.7284263980784003,
  "cosine_sim_lowrank_block2_k0.5_mean": -0.0009925259102601558,
  "cosine_sim_lowrank_block2_k0.5_std": 0.01646515989114503,
  "mse_lowrank_block2_k0.6_mean": 20.291420936584473,
  "mse_lowrank_block2_k0.6_std": 2.723965487450318,
  "cosine_sim_lowrank_block2_k0.6_mean": 0.019944213144481183,
  "cosine_sim_lowrank_block2_k0.6_std": 0.017254511641256534,
  "mse_lowrank_block2_k0.7_mean": 20.172856330871582,
  "mse_lowrank_block2_k0.7_std": 2.660409698884308,
  "cosine_sim_lowrank_block2_k0.7_mean": 0.16325798481702805,
  "cosine_sim_lowrank_block2_k0.7_std": 0.023020252595790193,
  "mse_lowrank_block2_k0.8_mean": 20.270082473754883,
  "mse_lowrank_block2_k0.8_std": 2.7166408283943784,
  "cosine_sim_lowrank_block2_k0.8_mean": 0.07133804112672806,
  "cosine_sim_lowrank_block2_k0.8_std": 0.009835069849722062,
  "mse_lowrank_block2_k0.9_mean": 20.06999225616455,
  "mse_lowrank_block2_k0.9_std": 2.7122269551887386,
  "cosine_sim_lowrank_block2_k0.9_mean": 0.23787643909454345,
  "cosine_sim_lowrank_block2_k0.9_std": 0.022810590538904007,
  "mse_lowrank_block2_k1_mean": 20.128109741210938,
  "mse_lowrank_block2_k1_std": 2.688964467334682,
  "cosine_sim_lowrank_block2_k1_mean": 0.18494693636894227,
  "cosine_sim_lowrank_block2_k1_std": 0.02053482353225578,
  "train_steps": 1000
}