{
  "mse_gd_mean": 7.201425170898437,
  "mse_gd_std": 0.9387885129670684,
  "mse_lsa_mean": 3.68492329120636,
  "mse_lsa_std": 0.5457331048280729,
  "cosine_sim_lsa_mean": 0.8861483931541443,
  "cosine_sim_lsa_std": 0.004055787495791296,
  "mse_gla_mean": 18.492487239837647,
  "mse_gla_std": 2.8760994299981415,
  "cosine_sim_gla_mean": 0.5123530596494674,
  "cosine_sim_gla_std": 0.012596071568106913,
  "mse_gqa_mean": 9.646996021270752,
  "mse_gqa_std": 1.85613426084722,
  "cosine_sim_gqa_mean": 0.8778659343719483,
  "cosine_sim_gqa_std": 0.005626918421910826,
  "mse_sparse_mean": 22.90318069458008,
  "mse_sparse_std": 3.131132493533435,
  "cosine_sim_sparse_mean": 0.009113783005159349,
  "cosine_sim_sparse_std": 0.011196721721880146,
  "mse_softmax_mean": 9.445861053466796,
  "mse_softmax_std": 1.3299777604017526,
  "cosine_sim_softmax_mean": 0.8771766781806946,
  "cosine_sim_softmax_std": 0.0067099604730376005,
  "mse_kernel_mean": 3.860549974441528,
  "mse_kernel_std": 0.7088058448889385,
  "cosine_sim_kernel_mean": 0.8838384866714477,
  "cosine_sim_kernel_std": 0.003406352003601068,
  "mse_lowrank_block2_k0.5_mean": 4.454099178314209,
  "mse_lowrank_block2_k0.5_std": 0.6087642396745531,
  "cosine_sim_lowrank_block2_k0.5_mean": 0.9020719349384307,
  "cosine_sim_lowrank_block2_k0.5_std": 0.004118152774228133,
  "mse_lowrank_block2_k0.6_mean": 4.7663126468658445,
  "mse_lowrank_block2_k0.6_std": 0.7512839581340064,
  "cosine_sim_lowrank_block2_k0.6_mean": 0.9092666387557984,
  "cosine_sim_lowrank_block2_k0.6_std": 0.00471880102829831,
  "mse_lowrank_block2_k0.7_mean": 6.038801193237305,
  "mse_lowrank_block2_k0.7_std": 0.5734777280693115,
  "cosine_sim_lowrank_block2_k0.7_mean": 0.9064926147460938,
  "cosine_sim_lowrank_block2_k0.7_std": 0.0062134616606396905,
  "mse_lowrank_block2_k0.8_mean": 3.7459442615509033,
  "mse_lowrank_block2_k0.8_std": 0.5521734221045796,
  "cosine_sim_lowrank_block2_k0.8_mean": 0.8972624599933624,
  "cosine_sim_lowrank_block2_k0.8_std": 0.004009089656110773,
  "mse_lowrank_block2_k0.9_mean": 3.9745172023773194,
  "mse_lowrank_block2_k0.9_std": 0.6566662504711278,
  "cosine_sim_lowrank_block2_k0.9_mean": 0.9098058760166168,
  "cosine_sim_lowrank_block2_k0.9_std": 0.004159617162986595,
  "mse_lowrank_block2_k1_mean": 4.324925446510315,
  "mse_lowrank_block2_k1_std": 0.7932013382998074,
  "cosine_sim_lowrank_block2_k1_mean": 0.9091396391391754,
  "cosine_sim_lowrank_block2_k1_std": 0.0032388263356210346,
  "train_steps": 10000
}