{
  "mse_gd_mean": 6.231110429763794,
  "mse_gd_std": 1.0449335678891059,
  "mse_lsa_mean": 5.052597975730896,
  "mse_lsa_std": 0.7006037059846129,
  "cosine_sim_lsa_mean": 0.8966623425483704,
  "cosine_sim_lsa_std": 0.004667695196988501,
  "mse_gla_mean": 17.139862251281738,
  "mse_gla_std": 2.4655074853148387,
  "cosine_sim_gla_mean": 0.45037642419338225,
  "cosine_sim_gla_std": 0.013897686842311446,
  "mse_gqa_mean": 10.205553340911866,
  "mse_gqa_std": 1.5045450359884662,
  "cosine_sim_gqa_mean": 0.8379420459270477,
  "cosine_sim_gqa_std": 0.0074345462441591246,
  "mse_sparse_mean": 19.781986141204833,
  "mse_sparse_std": 3.4641339938506652,
  "cosine_sim_sparse_mean": 0.009413086669519543,
  "cosine_sim_sparse_std": 0.032660622841686894,
  "mse_softmax_mean": 10.555610084533692,
  "mse_softmax_std": 1.6185772167604493,
  "cosine_sim_softmax_mean": 0.7930636703968048,
  "cosine_sim_softmax_std": 0.006755438058814865,
  "mse_kernel_mean": 4.821510577201844,
  "mse_kernel_std": 0.681663903279148,
  "cosine_sim_kernel_mean": 0.8871512472629547,
  "cosine_sim_kernel_std": 0.004721129535944651,
  "mse_lowrank_block2_k0.5_mean": 4.800945401191711,
  "mse_lowrank_block2_k0.5_std": 0.9031829042791442,
  "cosine_sim_lowrank_block2_k0.5_mean": 0.8977679431438446,
  "cosine_sim_lowrank_block2_k0.5_std": 0.004328633239440361,
  "mse_lowrank_block2_k0.6_mean": 5.34669041633606,
  "mse_lowrank_block2_k0.6_std": 0.8351523427892189,
  "cosine_sim_lowrank_block2_k0.6_mean": 0.9043642699718475,
  "cosine_sim_lowrank_block2_k0.6_std": 0.006028184584068048,
  "mse_lowrank_block2_k0.7_mean": 6.335036563873291,
  "mse_lowrank_block2_k0.7_std": 0.998343454263599,
  "cosine_sim_lowrank_block2_k0.7_mean": 0.891382223367691,
  "cosine_sim_lowrank_block2_k0.7_std": 0.006284729771332363,
  "mse_lowrank_block2_k0.8_mean": 4.310328388214112,
  "mse_lowrank_block2_k0.8_std": 0.8451775947965734,
  "cosine_sim_lowrank_block2_k0.8_mean": 0.8999145925045013,
  "cosine_sim_lowrank_block2_k0.8_std": 0.0064125780545815575,
  "mse_lowrank_block2_k0.9_mean": 4.728653693199158,
  "mse_lowrank_block2_k0.9_std": 0.825924077132392,
  "cosine_sim_lowrank_block2_k0.9_mean": 0.9061299383640289,
  "cosine_sim_lowrank_block2_k0.9_std": 0.005167033868626785,
  "mse_lowrank_block2_k1_mean": 4.768475413322449,
  "mse_lowrank_block2_k1_std": 0.841117308022379,
  "cosine_sim_lowrank_block2_k1_mean": 0.9040939390659333,
  "cosine_sim_lowrank_block2_k1_std": 0.007032955909967202,
  "train_steps": 5000
}