{
  "mse_gd_mean": 5.4365170955657955,
  "mse_gd_std": 0.6900797481279367,
  "mse_lsa_mean": 2.394756090641022,
  "mse_lsa_std": 0.3967355607333994,
  "cosine_sim_lsa_mean": 0.9161007821559906,
  "cosine_sim_lsa_std": 0.003890197412680709,
  "mse_gla_mean": 10.218932151794434,
  "mse_gla_std": 1.1560259217062596,
  "cosine_sim_gla_mean": 0.7707127809524537,
  "cosine_sim_gla_std": 0.014360009002742655,
  "mse_gqa_mean": 5.313152527809143,
  "mse_gqa_std": 0.9316927119472556,
  "cosine_sim_gqa_mean": 0.9172319114208222,
  "cosine_sim_gqa_std": 0.0035280405949416577,
  "mse_sparse_mean": 20.798369026184083,
  "mse_sparse_std": 1.880998000199975,
  "cosine_sim_sparse_mean": -0.0029595579719170926,
  "cosine_sim_sparse_std": 0.01972252536591333,
  "mse_softmax_mean": 4.353112363815308,
  "mse_softmax_std": 0.8251730879791648,
  "cosine_sim_softmax_mean": 0.9306362092494964,
  "cosine_sim_softmax_std": 0.004290439091088592,
  "mse_kernel_mean": 2.4523056030273436,
  "mse_kernel_std": 0.3495772601966903,
  "cosine_sim_kernel_mean": 0.9134575605392456,
  "cosine_sim_kernel_std": 0.003443906517384245,
  "mse_lowrank_k0.5_mean": 9.117675542831421,
  "mse_lowrank_k0.5_std": 1.1943219524944992,
  "cosine_sim_lowrank_k0.5_mean": 0.8430440783500671,
  "cosine_sim_lowrank_k0.5_std": 0.005755687294699482,
  "mse_lowrank_k0.6_mean": 3.2504106998443603,
  "mse_lowrank_k0.6_std": 0.416492619054352,
  "cosine_sim_lowrank_k0.6_mean": 0.9246086239814758,
  "cosine_sim_lowrank_k0.6_std": 0.0031620163453577564,
  "mse_lowrank_k0.7_mean": 7.220425367355347,
  "mse_lowrank_k0.7_std": 1.038119019459541,
  "cosine_sim_lowrank_k0.7_mean": 0.8797189474105835,
  "cosine_sim_lowrank_k0.7_std": 0.0036876860068567685,
  "mse_lowrank_k0.8_mean": 6.941886472702026,
  "mse_lowrank_k0.8_std": 1.1720989674691227,
  "cosine_sim_lowrank_k0.8_mean": 0.8948207139968872,
  "cosine_sim_lowrank_k0.8_std": 0.004746658353222776,
  "mse_lowrank_k0.9_mean": 13.590701580047607,
  "mse_lowrank_k0.9_std": 1.321178717983964,
  "cosine_sim_lowrank_k0.9_mean": 0.6274144291877747,
  "cosine_sim_lowrank_k0.9_std": 0.013299138085828943,
  "mse_lowrank_k1_mean": 6.104135608673095,
  "mse_lowrank_k1_std": 1.0563236128400653,
  "cosine_sim_lowrank_k1_mean": 0.9145929872989654,
  "cosine_sim_lowrank_k1_std": 0.0037278816158325388,
  "n_points": 80
}