{
  "mse_gd_mean": 4.4197893142700195,
  "mse_gd_std": 0.600189950148417,
  "mse_lsa_mean": 1.7739904701709748,
  "mse_lsa_std": 0.6013696491051825,
  "cosine_sim_lsa_mean": 0.9381011366844177,
  "cosine_sim_lsa_std": 0.003475457902661674,
  "mse_gla_mean": 5.0566808700561525,
  "mse_gla_std": 1.017367621281006,
  "cosine_sim_gla_mean": 0.8922995388507843,
  "cosine_sim_gla_std": 0.006254714147070272,
  "mse_gqa_mean": 3.1394800186157226,
  "mse_gqa_std": 0.7283863047442196,
  "cosine_sim_gqa_mean": 0.9385954141616821,
  "cosine_sim_gqa_std": 0.0031435434528672463,
  "mse_sparse_mean": 19.218553066253662,
  "mse_sparse_std": 2.4456603247489834,
  "cosine_sim_sparse_mean": 0.0007141133304685354,
  "cosine_sim_sparse_std": 0.026601476097310638,
  "mse_softmax_mean": 2.892852807044983,
  "mse_softmax_std": 0.6664610302837228,
  "cosine_sim_softmax_mean": 0.9373993515968323,
  "cosine_sim_softmax_std": 0.00311865914954345,
  "mse_kernel_mean": 1.7613050818443299,
  "mse_kernel_std": 0.5513439018860175,
  "cosine_sim_kernel_mean": 0.9374414265155793,
  "cosine_sim_kernel_std": 0.0022677017272585203,
  "mse_lowrank_k0.5_mean": 4.168224477767945,
  "mse_lowrank_k0.5_std": 0.8952447525380842,
  "cosine_sim_lowrank_k0.5_mean": 0.9105081677436828,
  "cosine_sim_lowrank_k0.5_std": 0.0038157267584638657,
  "mse_lowrank_k0.6_mean": 10.503557300567627,
  "mse_lowrank_k0.6_std": 1.5020934429667803,
  "cosine_sim_lowrank_k0.6_mean": 0.7357731938362122,
  "cosine_sim_lowrank_k0.6_std": 0.010091244742107663,
  "mse_lowrank_k0.7_mean": 5.071478009223938,
  "mse_lowrank_k0.7_std": 0.9981376913933008,
  "cosine_sim_lowrank_k0.7_mean": 0.9076656520366668,
  "cosine_sim_lowrank_k0.7_std": 0.0027314458112501325,
  "mse_lowrank_k0.8_mean": 6.24949836730957,
  "mse_lowrank_k0.8_std": 1.1681571941206963,
  "cosine_sim_lowrank_k0.8_mean": 0.8628958702087403,
  "cosine_sim_lowrank_k0.8_std": 0.008629436084539808,
  "mse_lowrank_k0.9_mean": 5.240493702888489,
  "mse_lowrank_k0.9_std": 0.9624396570069039,
  "cosine_sim_lowrank_k0.9_mean": 0.9034023582935333,
  "cosine_sim_lowrank_k0.9_std": 0.003631026754753852,
  "mse_lowrank_k1_mean": 5.852569103240967,
  "mse_lowrank_k1_std": 1.2764925170973644,
  "cosine_sim_lowrank_k1_mean": 0.8837590456008911,
  "cosine_sim_lowrank_k1_std": 0.00383931568084434,
  "n_points": 160
}