{
  "mse_gd_mean": 8.093164920806885,
  "mse_gd_std": 1.073092974920531,
  "mse_lsa_mean": 6.883919429779053,
  "mse_lsa_std": 1.2292780259718932,
  "cosine_sim_lsa_mean": 0.8750553965568543,
  "cosine_sim_lsa_std": 0.004194044342355309,
  "mse_gla_mean": 12.008351898193359,
  "mse_gla_std": 1.691157173780169,
  "cosine_sim_gla_mean": 0.8304040253162384,
  "cosine_sim_gla_std": 0.0048506521077883,
  "mse_gqa_mean": 11.081344699859619,
  "mse_gqa_std": 1.5577549554728578,
  "cosine_sim_gqa_mean": 0.8702892601490021,
  "cosine_sim_gqa_std": 0.00622844331087576,
  "mse_sparse_mean": 20.568260955810548,
  "mse_sparse_std": 1.6780166355748096,
  "cosine_sim_sparse_mean": -0.009316055988892912,
  "cosine_sim_sparse_std": 0.022622343307596906,
  "mse_softmax_mean": 9.927007913589478,
  "mse_softmax_std": 1.43963072116101,
  "cosine_sim_softmax_mean": 0.8881370306015015,
  "cosine_sim_softmax_std": 0.006679510902921293,
  "mse_kernel_mean": 6.614078998565674,
  "mse_kernel_std": 1.1981442289746194,
  "cosine_sim_kernel_mean": 0.8673502027988433,
  "cosine_sim_kernel_std": 0.005701499105718163,
  "mse_lowrank_k0.5_mean": 7.670154666900634,
  "mse_lowrank_k0.5_std": 1.114846705317882,
  "cosine_sim_lowrank_k0.5_mean": 0.9007502615451812,
  "cosine_sim_lowrank_k0.5_std": 0.0047062958178650215,
  "mse_lowrank_k0.6_mean": 12.823020076751709,
  "mse_lowrank_k0.6_std": 1.5220447072532024,
  "cosine_sim_lowrank_k0.6_mean": 0.790779322385788,
  "cosine_sim_lowrank_k0.6_std": 0.007249832246685338,
  "mse_lowrank_k0.7_mean": 12.158891773223877,
  "mse_lowrank_k0.7_std": 1.2049694027750508,
  "cosine_sim_lowrank_k0.7_mean": 0.817909437417984,
  "cosine_sim_lowrank_k0.7_std": 0.007418264720349873,
  "mse_lowrank_k0.8_mean": 10.7412579536438,
  "mse_lowrank_k0.8_std": 1.6806452288420075,
  "cosine_sim_lowrank_k0.8_mean": 0.9006623327732086,
  "cosine_sim_lowrank_k0.8_std": 0.003737753785774626,
  "mse_lowrank_k0.9_mean": 11.99008560180664,
  "mse_lowrank_k0.9_std": 1.4321041955035057,
  "cosine_sim_lowrank_k0.9_mean": 0.8415178596973419,
  "cosine_sim_lowrank_k0.9_std": 0.007424995167870276,
  "mse_lowrank_k1_mean": 9.713302040100098,
  "mse_lowrank_k1_std": 1.4423199890055618,
  "cosine_sim_lowrank_k1_mean": 0.9075698792934418,
  "cosine_sim_lowrank_k1_std": 0.004411849135860864,
  "n_points": 20
}