{
  "mse_gd_mean": 4.264359760284424,
  "mse_gd_std": 0.7754721601746638,
  "mse_lsa_mean": 2.24840794801712,
  "mse_lsa_std": 0.48360075966547517,
  "cosine_sim_lsa_mean": 0.9314507722854615,
  "cosine_sim_lsa_std": 0.003876663510400767,
  "mse_gla_mean": 14.468450927734375,
  "mse_gla_std": 2.5194110049808653,
  "cosine_sim_gla_mean": 0.5340232729911805,
  "cosine_sim_gla_std": 0.009732839806904897,
  "mse_gqa_mean": 3.9486790180206297,
  "mse_gqa_std": 0.6628999054350061,
  "cosine_sim_gqa_mean": 0.9321131765842438,
  "cosine_sim_gqa_std": 0.004619014263787624,
  "mse_sparse_mean": 18.82322416305542,
  "mse_sparse_std": 2.961135447481392,
  "cosine_sim_sparse_mean": 0.0015167286153882741,
  "cosine_sim_sparse_std": 0.028012839924528965,
  "mse_softmax_mean": 4.314922523498535,
  "mse_softmax_std": 0.8564019746571365,
  "cosine_sim_softmax_mean": 0.9236538529396057,
  "cosine_sim_softmax_std": 0.005013030893684314,
  "mse_kernel_mean": 2.236481189727783,
  "mse_kernel_std": 0.5310977550429332,
  "cosine_sim_kernel_mean": 0.9283940076828003,
  "cosine_sim_kernel_std": 0.003922089368888769,
  "mse_lowrank_k0.5_mean": 5.831212043762207,
  "mse_lowrank_k0.5_std": 1.0183612196065879,
  "cosine_sim_lowrank_k0.5_mean": 0.8932336807250977,
  "cosine_sim_lowrank_k0.5_std": 0.00571546358286339,
  "mse_lowrank_k0.6_mean": 7.5057471752166744,
  "mse_lowrank_k0.6_std": 1.5284617276036763,
  "cosine_sim_lowrank_k0.6_mean": 0.8474938273429871,
  "cosine_sim_lowrank_k0.6_std": 0.005024601347651702,
  "mse_lowrank_k0.7_mean": 10.399960279464722,
  "mse_lowrank_k0.7_std": 1.727773121247295,
  "cosine_sim_lowrank_k0.7_mean": 0.7027174353599548,
  "cosine_sim_lowrank_k0.7_std": 0.010874694734830485,
  "mse_lowrank_k0.8_mean": 5.8884642124176025,
  "mse_lowrank_k0.8_std": 1.065266808706764,
  "cosine_sim_lowrank_k0.8_mean": 0.8955240070819854,
  "cosine_sim_lowrank_k0.8_std": 0.004928003630282328,
  "mse_lowrank_k0.9_mean": 5.461245965957642,
  "mse_lowrank_k0.9_std": 0.986471277304049,
  "cosine_sim_lowrank_k0.9_mean": 0.9058424532413483,
  "cosine_sim_lowrank_k0.9_std": 0.006656751912870642,
  "mse_lowrank_k1_mean": 3.5470200777053833,
  "mse_lowrank_k1_std": 0.7826521210284985,
  "cosine_sim_lowrank_k1_mean": 0.9218550026416779,
  "cosine_sim_lowrank_k1_std": 0.00593362753633993,
  "n_points": 120
}