{
  "mse_gd_mean": 11.444575691223145,
  "mse_gd_std": 1.8742252817800915,
  "mse_lsa_mean": 13.174388217926026,
  "mse_lsa_std": 1.8619871505160441,
  "cosine_sim_lsa_mean": 0.8959213256835937,
  "cosine_sim_lsa_std": 0.005582031883129478,
  "mse_gla_mean": 15.803547954559326,
  "mse_gla_std": 2.6699929320381077,
  "cosine_sim_gla_mean": 0.77023686170578,
  "cosine_sim_gla_std": 0.009331610315239446,
  "mse_gqa_mean": 14.839617156982422,
  "mse_gqa_std": 2.2290248470013037,
  "cosine_sim_gqa_mean": 0.8202072322368622,
  "cosine_sim_gqa_std": 0.009214963692131175,
  "mse_sparse_mean": 20.2745059967041,
  "mse_sparse_std": 2.9831100729173254,
  "cosine_sim_sparse_mean": 0.003708951215958223,
  "cosine_sim_sparse_std": 0.011841521650144448,
  "mse_softmax_mean": 14.524305438995361,
  "mse_softmax_std": 2.2502295283875173,
  "cosine_sim_softmax_mean": 0.8363395214080811,
  "cosine_sim_softmax_std": 0.006142097667565574,
  "mse_kernel_mean": 13.12702693939209,
  "mse_kernel_std": 1.707919068068143,
  "cosine_sim_kernel_mean": 0.8960828483104706,
  "cosine_sim_kernel_std": 0.006284297010449199,
  "mse_lowrank_k0.5_mean": 13.855567836761475,
  "mse_lowrank_k0.5_std": 2.5549182183794223,
  "cosine_sim_lowrank_k0.5_mean": 0.863730663061142,
  "cosine_sim_lowrank_k0.5_std": 0.0049641461723232486,
  "mse_lowrank_k0.6_mean": 13.491222286224366,
  "mse_lowrank_k0.6_std": 2.474007659906111,
  "cosine_sim_lowrank_k0.6_mean": 0.890505975484848,
  "cosine_sim_lowrank_k0.6_std": 0.0029454627193856433,
  "mse_lowrank_k0.7_mean": 13.901784515380859,
  "mse_lowrank_k0.7_std": 2.600676776264307,
  "cosine_sim_lowrank_k0.7_mean": 0.8704359471797943,
  "cosine_sim_lowrank_k0.7_std": 0.007321312974441666,
  "mse_lowrank_k0.8_mean": 14.153891277313232,
  "mse_lowrank_k0.8_std": 2.4822368605539653,
  "cosine_sim_lowrank_k0.8_mean": 0.8611807405948639,
  "cosine_sim_lowrank_k0.8_std": 0.005354457480232097,
  "mse_lowrank_k0.9_mean": 13.263370132446289,
  "mse_lowrank_k0.9_std": 2.420848194717555,
  "cosine_sim_lowrank_k0.9_mean": 0.8982438564300537,
  "cosine_sim_lowrank_k0.9_std": 0.005710769419897462,
  "mse_lowrank_k1_mean": 13.922314929962159,
  "mse_lowrank_k1_std": 2.360234343245216,
  "cosine_sim_lowrank_k1_mean": 0.8848188519477844,
  "cosine_sim_lowrank_k1_std": 0.004773005998184183,
  "n_points": 10
}