{
  "mse_gd_mean": 14.82263879776001,
  "mse_gd_std": 1.9692936113831037,
  "mse_lsa_mean": 16.38047342300415,
  "mse_lsa_std": 1.8513609381799727,
  "cosine_sim_lsa_mean": 0.8786391675472259,
  "cosine_sim_lsa_std": 0.007655648146757682,
  "mse_gla_mean": 18.986100578308104,
  "mse_gla_std": 2.490799747295555,
  "cosine_sim_gla_mean": 0.27884427905082704,
  "cosine_sim_gla_std": 0.027104987448259937,
  "mse_gqa_mean": 18.865395545959473,
  "mse_gqa_std": 2.779013743633097,
  "cosine_sim_gqa_mean": 0.49606425762176515,
  "cosine_sim_gqa_std": 0.015407317573358694,
  "mse_sparse_mean": 19.572562980651856,
  "mse_sparse_std": 2.590452096105077,
  "cosine_sim_sparse_mean": 0.0035824758000671864,
  "cosine_sim_sparse_std": 0.025790627573528215,
  "mse_softmax_mean": 17.05651388168335,
  "mse_softmax_std": 1.9353753026938791,
  "cosine_sim_softmax_mean": 0.7548821449279786,
  "cosine_sim_softmax_std": 0.013434391062048764,
  "mse_kernel_mean": 16.569342422485352,
  "mse_kernel_std": 1.8459641694916613,
  "cosine_sim_kernel_mean": 0.8870704889297485,
  "cosine_sim_kernel_std": 0.008475709090949865,
  "mse_lowrank_k0.5_mean": 16.009006404876708,
  "mse_lowrank_k0.5_std": 1.7067114777964096,
  "cosine_sim_lowrank_k0.5_mean": 0.8999062359333039,
  "cosine_sim_lowrank_k0.5_std": 0.005868005168669957,
  "mse_lowrank_k0.6_mean": 15.990728569030761,
  "mse_lowrank_k0.6_std": 1.7745732211699812,
  "cosine_sim_lowrank_k0.6_mean": 0.8973874807357788,
  "cosine_sim_lowrank_k0.6_std": 0.005552581506519665,
  "mse_lowrank_k0.7_mean": 16.227225875854494,
  "mse_lowrank_k0.7_std": 1.962504114365752,
  "cosine_sim_lowrank_k0.7_mean": 0.8682823359966279,
  "cosine_sim_lowrank_k0.7_std": 0.0063873080245281455,
  "mse_lowrank_k0.8_mean": 16.021501350402833,
  "mse_lowrank_k0.8_std": 2.026920921077019,
  "cosine_sim_lowrank_k0.8_mean": 0.8854129076004028,
  "cosine_sim_lowrank_k0.8_std": 0.006916625580697287,
  "mse_lowrank_k0.9_mean": 16.24162130355835,
  "mse_lowrank_k0.9_std": 2.0794133208480092,
  "cosine_sim_lowrank_k0.9_mean": 0.8718402147293091,
  "cosine_sim_lowrank_k0.9_std": 0.005804746735125018,
  "mse_lowrank_k1_mean": 16.304378986358643,
  "mse_lowrank_k1_std": 2.0481325720291252,
  "cosine_sim_lowrank_k1_mean": 0.8917260468006134,
  "cosine_sim_lowrank_k1_std": 0.006284132481613096,
  "n_points": 5
}