{
  "mse_gd_mean": 5.926918983459473,
  "mse_gd_std": 0.8093480319122327,
  "mse_lsa_mean": 3.708932614326477,
  "mse_lsa_std": 0.6184667245947716,
  "cosine_sim_lsa_mean": 0.8786718487739563,
  "cosine_sim_lsa_std": 0.005385011496237553,
  "mse_gla_mean": 9.068579912185669,
  "mse_gla_std": 1.2270160455719314,
  "cosine_sim_gla_mean": 0.8434884727001191,
  "cosine_sim_gla_std": 0.008310540351247389,
  "mse_gqa_mean": 8.861046981811523,
  "mse_gqa_std": 1.3675125200829406,
  "cosine_sim_gqa_mean": 0.8681216537952423,
  "cosine_sim_gqa_std": 0.0061780735224632646,
  "mse_sparse_mean": 18.192279148101807,
  "mse_sparse_std": 2.017398818518604,
  "cosine_sim_sparse_mean": -0.004385289741912856,
  "cosine_sim_sparse_std": 0.016044367269759052,
  "mse_softmax_mean": 7.965521287918091,
  "mse_softmax_std": 0.5732790882091205,
  "cosine_sim_softmax_mean": 0.8873519539833069,
  "cosine_sim_softmax_std": 0.00429952275436692,
  "mse_kernel_mean": 3.647147226333618,
  "mse_kernel_std": 0.6625922194147748,
  "cosine_sim_kernel_mean": 0.8749531447887421,
  "cosine_sim_kernel_std": 0.00460027306439412,
  "mse_lowrank_k0.5_mean": 6.552987384796142,
  "mse_lowrank_k0.5_std": 1.085837585294177,
  "cosine_sim_lowrank_k0.5_mean": 0.9057169258594513,
  "cosine_sim_lowrank_k0.5_std": 0.004678008609363579,
  "mse_lowrank_k0.6_mean": 6.193251705169677,
  "mse_lowrank_k0.6_std": 1.2629813805444672,
  "cosine_sim_lowrank_k0.6_mean": 0.8918445646762848,
  "cosine_sim_lowrank_k0.6_std": 0.004983710277973207,
  "mse_lowrank_k0.7_mean": 5.259068703651428,
  "mse_lowrank_k0.7_std": 0.7319419210451352,
  "cosine_sim_lowrank_k0.7_mean": 0.9054058611392974,
  "cosine_sim_lowrank_k0.7_std": 0.004698426482759829,
  "mse_lowrank_k0.8_mean": 7.158324337005615,
  "mse_lowrank_k0.8_std": 1.1257461777587232,
  "cosine_sim_lowrank_k0.8_mean": 0.9039318084716796,
  "cosine_sim_lowrank_k0.8_std": 0.005832475696052685,
  "mse_lowrank_k0.9_mean": 5.652896785736084,
  "mse_lowrank_k0.9_std": 0.9264545442288665,
  "cosine_sim_lowrank_k0.9_mean": 0.8980722308158875,
  "cosine_sim_lowrank_k0.9_std": 0.004025726927961016,
  "mse_lowrank_k1_mean": 7.829297637939453,
  "mse_lowrank_k1_std": 1.0151540018687135,
  "cosine_sim_lowrank_k1_mean": 0.9145742356777191,
  "cosine_sim_lowrank_k1_std": 0.005122698180560281,
  "n_points": 40
}