{
  "mse_gd_mean": 6.534759426116944,
  "mse_gd_std": 1.1174940722887718,
  "mse_lsa_mean": 6.7322118282318115,
  "mse_lsa_std": 1.3306517204151034,
  "cosine_sim_lsa_mean": 0.8783974170684814,
  "cosine_sim_lsa_std": 0.006028680082764165,
  "mse_softmax_mean": 16.98820867538452,
  "mse_softmax_std": 2.637539359981598,
  "cosine_sim_softmax_mean": 0.4492462635040283,
  "cosine_sim_softmax_std": 0.01985266486513521,
  "mse_kernel_mean": 7.173773384094238,
  "mse_kernel_std": 0.9066858344044064,
  "cosine_sim_kernel_mean": 0.8806000769138336,
  "cosine_sim_kernel_std": 0.005779595360658507,
  "mse_lowrank_block2_k1_mean": 18.243204402923585,
  "mse_lowrank_block2_k1_std": 2.608731952741182,
  "cosine_sim_lowrank_block2_k1_mean": 0.39992937445640564,
  "cosine_sim_lowrank_block2_k1_std": 0.012678953371843316,
  "mse_lowrank_block2_k0.75_mean": 16.682651042938232,
  "mse_lowrank_block2_k0.75_std": 2.050937230143374,
  "cosine_sim_lowrank_block2_k0.75_mean": 0.5363710939884185,
  "cosine_sim_lowrank_block2_k0.75_std": 0.012171910714377112,
  "mse_lowrank_block2_k0.5_mean": 16.781391048431395,
  "mse_lowrank_block2_k0.5_std": 2.091164024421836,
  "cosine_sim_lowrank_block2_k0.5_mean": 0.45165707767009733,
  "cosine_sim_lowrank_block2_k0.5_std": 0.018311184454319382,
  "train_steps": 1000
}