{
  "mse_gd_mean": 6.660939788818359,
  "mse_gd_std": 1.3375770146959913,
  "mse_lsa_mean": 21.218552780151366,
  "mse_lsa_std": 5.341977891739376,
  "cosine_sim_lsa_mean": -0.002844727368210442,
  "cosine_sim_lsa_std": 0.02558287408619297,
  "mse_softmax_mean": 21.25893087387085,
  "mse_softmax_std": 5.358024125932253,
  "cosine_sim_softmax_mean": -0.003776027262210846,
  "cosine_sim_softmax_std": 0.02007257327329232,
  "mse_kernel_mean": 21.263982677459715,
  "mse_kernel_std": 5.301634720372128,
  "cosine_sim_kernel_mean": -0.0027585007715970277,
  "cosine_sim_kernel_std": 0.02525329736572055,
  "mse_lowrank_block2_k1_mean": 21.22567129135132,
  "mse_lowrank_block2_k1_std": 5.320752116931519,
  "cosine_sim_lowrank_block2_k1_mean": -0.001677678270789329,
  "cosine_sim_lowrank_block2_k1_std": 0.024973125101327976,
  "mse_lowrank_block2_k0.75_mean": 21.21199588775635,
  "mse_lowrank_block2_k0.75_std": 5.239987082212658,
  "cosine_sim_lowrank_block2_k0.75_mean": 0.002431235369294882,
  "cosine_sim_lowrank_block2_k0.75_std": 0.024728317357530182,
  "mse_lowrank_block2_k0.5_mean": 21.278019523620607,
  "mse_lowrank_block2_k0.5_std": 5.305281105345337,
  "cosine_sim_lowrank_block2_k0.5_mean": -0.00030343083053594453,
  "cosine_sim_lowrank_block2_k0.5_std": 0.015760888134624836,
  "train_steps": 0
}