{
  "mse_gd_mean": 6.162296772003174,
  "mse_gd_std": 0.5754845168370646,
  "mse_lsa_mean": 3.724817228317261,
  "mse_lsa_std": 0.5032882685823354,
  "cosine_sim_lsa_mean": 0.8779577672481537,
  "cosine_sim_lsa_std": 0.0061193812548045986,
  "mse_softmax_mean": 8.274579429626465,
  "mse_softmax_std": 0.6568064526719748,
  "cosine_sim_softmax_mean": 0.8897169291973114,
  "cosine_sim_softmax_std": 0.006927966677976489,
  "mse_kernel_mean": 4.2221815347671505,
  "mse_kernel_std": 0.5003927588337002,
  "cosine_sim_kernel_mean": 0.8860411405563354,
  "cosine_sim_kernel_std": 0.0069675530525025045,
  "mse_lowrank_block2_k1_mean": 4.178929734230041,
  "mse_lowrank_block2_k1_std": 0.5844379886914133,
  "cosine_sim_lowrank_block2_k1_mean": 0.8995404660701751,
  "cosine_sim_lowrank_block2_k1_std": 0.006434812405903142,
  "mse_lowrank_block2_k0.75_mean": 5.217558097839356,
  "mse_lowrank_block2_k0.75_std": 0.8507786233673199,
  "cosine_sim_lowrank_block2_k0.75_mean": 0.8858311414718628,
  "cosine_sim_lowrank_block2_k0.75_std": 0.00791950067809602,
  "mse_lowrank_block2_k0.5_mean": 5.942911672592163,
  "mse_lowrank_block2_k0.5_std": 0.8832048585664346,
  "cosine_sim_lowrank_block2_k0.5_mean": 0.8755158662796021,
  "cosine_sim_lowrank_block2_k0.5_std": 0.005241155164929815,
  "train_steps": 10000
}