{
  "mse_gd_mean": 6.602177333831787,
  "mse_gd_std": 1.3124260315990925,
  "mse_lsa_mean": 4.885086250305176,
  "mse_lsa_std": 0.7100270362362049,
  "cosine_sim_lsa_mean": 0.8964154362678528,
  "cosine_sim_lsa_std": 0.006080322182966147,
  "mse_softmax_mean": 9.398094654083252,
  "mse_softmax_std": 1.6942005175552959,
  "cosine_sim_softmax_mean": 0.8629919052124023,
  "cosine_sim_softmax_std": 0.007756622129058397,
  "mse_kernel_mean": 5.576285314559937,
  "mse_kernel_std": 0.822806400959341,
  "cosine_sim_kernel_mean": 0.8975639283657074,
  "cosine_sim_kernel_std": 0.006476065833274459,
  "mse_lowrank_block2_k1_mean": 5.038827133178711,
  "mse_lowrank_block2_k1_std": 0.9338626747271511,
  "cosine_sim_lowrank_block2_k1_mean": 0.9039877653121948,
  "cosine_sim_lowrank_block2_k1_std": 0.005325970029958159,
  "mse_lowrank_block2_k0.75_mean": 7.172970199584961,
  "mse_lowrank_block2_k0.75_std": 1.2101352538116097,
  "cosine_sim_lowrank_block2_k0.75_mean": 0.8996724128723145,
  "cosine_sim_lowrank_block2_k0.75_std": 0.006897881540472354,
  "mse_lowrank_block2_k0.5_mean": 7.281063079833984,
  "mse_lowrank_block2_k0.5_std": 1.233034114846645,
  "cosine_sim_lowrank_block2_k0.5_mean": 0.8765994369983673,
  "cosine_sim_lowrank_block2_k0.5_std": 0.008697046435925105,
  "train_steps": 5000
}