{
  "mse_gd_mean": 11.459790325164795,
  "mse_gd_std": 2.090623142681691,
  "mse_lsa_mean": 12.94558744430542,
  "mse_lsa_std": 2.425527415804819,
  "cosine_sim_lsa_mean": 0.8933259665966033,
  "cosine_sim_lsa_std": 0.0055943599978682135,
  "mse_gla_mean": 17.384829330444337,
  "mse_gla_std": 3.192329923579628,
  "cosine_sim_gla_mean": 0.4434839963912964,
  "cosine_sim_gla_std": 0.013297827208751497,
  "mse_gqa_mean": 15.437870216369628,
  "mse_gqa_std": 2.385726281742835,
  "cosine_sim_gqa_mean": 0.6817002534866333,
  "cosine_sim_gqa_std": 0.0058163153454973355,
  "mse_sparse_mean": 18.40579500198364,
  "mse_sparse_std": 3.2958571015784863,
  "cosine_sim_sparse_mean": -0.0025310663506388663,
  "cosine_sim_sparse_std": 0.026350327085081646,
  "mse_softmax_mean": 17.525744724273682,
  "mse_softmax_std": 2.61893249457633,
  "cosine_sim_softmax_mean": 0.4458312839269638,
  "cosine_sim_softmax_std": 0.019713553842042257,
  "mse_kernel_mean": 12.890722465515136,
  "mse_kernel_std": 2.1031770175703945,
  "cosine_sim_kernel_mean": 0.8933090269565582,
  "cosine_sim_kernel_std": 0.00506754898284825,
  "mse_lowrank_k0.5_mean": 13.342524814605714,
  "mse_lowrank_k0.5_std": 2.4656052093175176,
  "cosine_sim_lowrank_k0.5_mean": 0.8889427661895752,
  "cosine_sim_lowrank_k0.5_std": 0.0048859701823620915,
  "mse_lowrank_k0.6_mean": 13.615852642059327,
  "mse_lowrank_k0.6_std": 2.4901514030838494,
  "cosine_sim_lowrank_k0.6_mean": 0.8757259249687195,
  "cosine_sim_lowrank_k0.6_std": 0.005121937980734604,
  "mse_lowrank_k0.7_mean": 13.585106754302979,
  "mse_lowrank_k0.7_std": 2.237589889679439,
  "cosine_sim_lowrank_k0.7_mean": 0.8813930869102478,
  "cosine_sim_lowrank_k0.7_std": 0.005165690677565785,
  "mse_lowrank_k0.8_mean": 13.434139347076416,
  "mse_lowrank_k0.8_std": 2.5042920976426726,
  "cosine_sim_lowrank_k0.8_mean": 0.8840611100196838,
  "cosine_sim_lowrank_k0.8_std": 0.004895526809087119,
  "mse_lowrank_k0.9_mean": 13.309852695465088,
  "mse_lowrank_k0.9_std": 2.340102958687565,
  "cosine_sim_lowrank_k0.9_mean": 0.8761891484260559,
  "cosine_sim_lowrank_k0.9_std": 0.005772313005452966,
  "mse_lowrank_k1_mean": 12.968781757354737,
  "mse_lowrank_k1_std": 2.357586471780052,
  "cosine_sim_lowrank_k1_mean": 0.8740297138690949,
  "cosine_sim_lowrank_k1_std": 0.005552846176333294,
  "n_points": 10
}