{
  "mse_gd_mean": 15.750570583343507,
  "mse_gd_std": 1.8971530774304106,
  "mse_lsa_mean": 16.65702953338623,
  "mse_lsa_std": 1.9959445595805407,
  "cosine_sim_lsa_mean": 0.8885377645492554,
  "cosine_sim_lsa_std": 0.004524979107085986,
  "mse_gla_mean": 18.616919326782227,
  "mse_gla_std": 2.9185435541043,
  "cosine_sim_gla_mean": 0.3620683938264847,
  "cosine_sim_gla_std": 0.02362417595454511,
  "mse_gqa_mean": 17.856094932556154,
  "mse_gqa_std": 2.3985163628046346,
  "cosine_sim_gqa_mean": 0.6159538686275482,
  "cosine_sim_gqa_std": 0.01631533783973032,
  "mse_sparse_mean": 19.09563512802124,
  "mse_sparse_std": 3.343130395235171,
  "cosine_sim_sparse_mean": 0.01841270662844181,
  "cosine_sim_sparse_std": 0.017369761612680754,
  "mse_softmax_mean": 17.141883850097656,
  "mse_softmax_std": 2.177318100006305,
  "cosine_sim_softmax_mean": 0.7037359416484833,
  "cosine_sim_softmax_std": 0.017868951658407666,
  "mse_kernel_mean": 16.688966369628908,
  "mse_kernel_std": 2.1034330069990377,
  "cosine_sim_kernel_mean": 0.8832050502300263,
  "cosine_sim_kernel_std": 0.0047907112147718076,
  "mse_lowrank_k0.5_mean": 17.702229499816895,
  "mse_lowrank_k0.5_std": 2.696556307614845,
  "cosine_sim_lowrank_k0.5_mean": 0.5594714462757111,
  "cosine_sim_lowrank_k0.5_std": 0.018013716638286412,
  "mse_lowrank_k0.6_mean": 17.803339290618897,
  "mse_lowrank_k0.6_std": 2.304519157727505,
  "cosine_sim_lowrank_k0.6_mean": 0.6767479300498962,
  "cosine_sim_lowrank_k0.6_std": 0.018339271009486374,
  "mse_lowrank_k0.7_mean": 17.298093795776367,
  "mse_lowrank_k0.7_std": 2.827941144997275,
  "cosine_sim_lowrank_k0.7_mean": 0.673407518863678,
  "cosine_sim_lowrank_k0.7_std": 0.014304759364760278,
  "mse_lowrank_k0.8_mean": 16.758799076080322,
  "mse_lowrank_k0.8_std": 2.013335589451016,
  "cosine_sim_lowrank_k0.8_mean": 0.8509014964103698,
  "cosine_sim_lowrank_k0.8_std": 0.004354730997095305,
  "mse_lowrank_k0.9_mean": 16.858927917480468,
  "mse_lowrank_k0.9_std": 2.0665942885421513,
  "cosine_sim_lowrank_k0.9_mean": 0.8751116037368775,
  "cosine_sim_lowrank_k0.9_std": 0.006903882441929513,
  "mse_lowrank_k1_mean": 16.74458303451538,
  "mse_lowrank_k1_std": 1.9623475696120183,
  "cosine_sim_lowrank_k1_mean": 0.8821327149868011,
  "cosine_sim_lowrank_k1_std": 0.006113386256550768,
  "n_points": 5
}