{
  "mse_gd_mean": 9.827701691658266,
  "mse_gd_std": 2.5672164746961696,
  "mse_softmax_mean": 15.803620922950007,
  "mse_softmax_std": 3.9373404825926066,
  "cosine_sim_softmax_mean": 0.5733563765402763,
  "cosine_sim_softmax_std": 0.025162623275183173,
  "mse_lowrank_block2_k1_mean": 15.31942327560917,
  "mse_lowrank_block2_k1_std": 4.187344381845691,
  "cosine_sim_lowrank_block2_k1_mean": 0.5789952508864864,
  "cosine_sim_lowrank_block2_k1_std": 0.021635056555993258,
  "mse_lowrank_block2_k0.75_mean": 19.927294177393758,
  "mse_lowrank_block2_k0.75_std": 4.884698733554479,
  "cosine_sim_lowrank_block2_k0.75_mean": 0.010916434889358858,
  "cosine_sim_lowrank_block2_k0.75_std": 0.0385361331346861,
  "mse_lowrank_block2_k0.5_mean": 13.679630279541016,
  "mse_lowrank_block2_k0.5_std": 3.81271203815358,
  "cosine_sim_lowrank_block2_k0.5_mean": 0.6705162986632316,
  "cosine_sim_lowrank_block2_k0.5_std": 0.027651172256261666,
  "num_layers": 4,
  "proj_k_ratios": [
    1.0,
    0.75,
    0.5
  ],
  "share_ef": false,
  "orth_init": false
}