{
  "mse_gd_mean": 16.61244401624126,
  "mse_gd_std": 4.550230918711412,
  "mse_softmax_mean": 15.515463306057837,
  "mse_softmax_std": 4.876733348944528,
  "cosine_sim_softmax_mean": 0.5596286423744694,
  "cosine_sim_softmax_std": 0.03231212863311103,
  "mse_lowrank_block2_k1_mean": 20.24319011934342,
  "mse_lowrank_block2_k1_std": 5.467632396063216,
  "cosine_sim_lowrank_block2_k1_mean": 0.013289303248447756,
  "cosine_sim_lowrank_block2_k1_std": 0.03273360361564333,
  "mse_lowrank_block2_k0.75_mean": 20.078921256526822,
  "mse_lowrank_block2_k0.75_std": 5.502640364188879,
  "cosine_sim_lowrank_block2_k0.75_mean": 0.22564575652922353,
  "cosine_sim_lowrank_block2_k0.75_std": 0.04170593018095091,
  "mse_lowrank_block2_k0.5_mean": 20.249042387931578,
  "mse_lowrank_block2_k0.5_std": 5.494733186816128,
  "cosine_sim_lowrank_block2_k0.5_mean": 0.023530061972597913,
  "cosine_sim_lowrank_block2_k0.5_std": 0.03164792286873281,
  "num_layers": 1,
  "proj_k_ratios": [
    1.0,
    0.75,
    0.5
  ],
  "share_ef": false,
  "orth_init": false
}