{
  "transformer": {
    "mean": [
      17.42749640707567,
      31.061426138853566,
      16.175806143446824,
      21.07094095328823,
      30.37017752083484,
      18.218985043142457,
      24.188781553622103,
      21.69299258994404,
      18.224398366361857,
      19.56716980922967,
      25.32587222916074,
      17.763524755230172,
      18.224983811616074,
      18.61486325856592,
      26.417236741585658,
      18.625452951521147,
      22.623952856983525,
      15.711990838777274,
      18.62458659959957,
      24.827735876674122,
      17.852649228135125,
      19.017750680930913,
      25.860928068498616,
      20.211315508708356,
      23.02174095504917,
      20.49031719550956,
      16.384414835632935,
      23.860965495456476,
      18.768872078176354,
      19.642181935012342,
      22.61488518779166,
      25.987553576536303,
      17.990360215855763,
      19.818853133791126,
      20.66144134614384,
      16.250689994175918,
      18.784244776324194,
      23.328747919276356,
      24.351904622172004,
      22.0097380744596
    ],
    "std": [
      23.578024816555747,
      53.153938353858074,
      25.053739096978145,
      29.722737558146758,
      46.82944356015973,
      26.8076367846027,
      32.45799094378308,
      29.951389208916314,
      27.640422320175634,
      29.760438292165905,
      35.65373603738049,
      28.713098822956127,
      24.470226424802338,
      26.869927200467345,
      35.417682843293264,
      27.054017911738622,
      34.21744926255474,
      22.136608448806562,
      28.250509088163387,
      42.32455618286323,
      32.29634625666384,
      25.322246361818063,
      36.34768130663695,
      27.117350634068654,
      30.69249776936643,
      27.12954061117447,
      34.98993383978312,
      38.612283006777325,
      31.99625147830237,
      24.99163181764537,
      34.08702503605251,
      31.613178413715975,
      28.85678362132405,
      29.728899031882587,
      48.01005786154638,
      24.66842882627881,
      34.494955426986564,
      32.815138239858186,
      35.74699434727105,
      31.972450480989462
    ]
  },
  "least_squares": {
    "mean": [
      15.826218759682087,
      27.14273445655126,
      14.699050520812161,
      16.38685706817545,
      19.204203882552246,
      14.174039523386163,
      16.876742534050425,
      11.565783485960456,
      9.845437242543849,
      10.325461570477783,
      10.208785225995234,
      7.158320568522904,
      7.185642943892499,
      6.641541193261273,
      5.529601025823504,
      5.584832210400523,
      3.5692774923425166,
      1.8592756026337884,
      1.1799965681997702,
      3.2970478969218674e-09,
      2.7093580712289622e-11,
      1.0250005288980901e-11,
      7.752838371288817e-12,
      7.585470029880525e-12,
      5.124665136690964e-12,
      5.075799780485113e-12,
      4.790621233041748e-12,
      2.4453328251183846e-12,
      2.941060728289813e-12,
      3.427196304528479e-12,
      3.2076030720418203e-12,
      2.9960478542534474e-12,
      3.001208170871905e-12,
      2.354578754193426e-12,
      1.936391047507868e-12,
      2.629638728990358e-12,
      1.7373946725740552e-12,
      2.340776461551286e-12,
      2.2815616063098786e-12,
      1.859916665125638e-12
    ],
    "std": [
      20.524611446424124,
      51.23059166209294,
      21.163062515032955,
      22.424058776585547,
      25.884021613804318,
      18.78602844515704,
      23.95809064964941,
      17.86690544537334,
      14.292719609068541,
      15.215719725073193,
      13.280963472973617,
      12.860058256756867,
      9.86830954607468,
      9.254801102881066,
      11.14921783744622,
      11.808241923048595,
      6.646781885917974,
      3.1815711846893975,
      2.34382914129607,
      1.7081373510706845e-08,
      9.272524514870042e-11,
      1.598853179333656e-11,
      1.5331108624145377e-11,
      1.605127359720808e-11,
      7.764543660183981e-12,
      7.796729774396937e-12,
      7.228334877583974e-12,
      3.816339999321283e-12,
      4.3446090316080715e-12,
      7.176322479359394e-12,
      4.738131897230089e-12,
      6.71284395788842e-12,
      3.741258152361881e-12,
      3.920890144187812e-12,
      2.609227936071173e-12,
      3.858817672308546e-12,
      3.00825109440541e-12,
      4.667656572360817e-12,
      4.497356207956413e-12,
      4.0989866198497624e-12
    ]
  },
  "knn": {
    "mean": [
      NaN,
      NaN,
      27.630495598061643,
      24.59047979020979,
      34.31643686887473,
      21.738391318724027,
      24.28111395451764,
      22.330924279555912,
      18.352436623903923,
      20.925127676856064,
      21.3840141924785,
      18.60673757543322,
      17.503991651008835,
      14.247863928604637,
      15.96270787533991,
      15.203904971070587,
      19.10409846826631,
      14.15803546586074,
      14.906302988411044,
      19.263522953995125,
      15.404902824300807,
      15.318688846736041,
      15.008265024995199,
      16.435954288425854,
      18.610780098130927,
      13.448421022593974,
      12.594674277231098,
      16.01281429025141,
      13.94961408218369,
      16.318011531534722,
      14.77608885478461,
      19.749089579181746,
      12.593584219859913,
      15.172263690799154,
      12.189761900492012,
      11.399071648372336,
      14.182130915662274,
      12.072902797157877,
      14.051174642462284,
      12.62361162636429
    ],
    "std": [
      NaN,
      NaN,
      41.29972155286987,
      36.3449190406615,
      44.415348373050705,
      28.926188195065915,
      33.71628955677507,
      34.5165535236751,
      26.135509465954694,
      30.15438658222556,
      32.687781429183396,
      32.389995525057614,
      23.874807686643557,
      20.79916128943724,
      23.84361162223296,
      20.678074437805954,
      35.44419467399197,
      18.451184044458966,
      20.12838125216754,
      28.710868376343676,
      24.68630954410834,
      19.081970672216332,
      22.010943077367834,
      23.321863211412666,
      25.386572596933203,
      18.212040313160667,
      19.429150936178523,
      26.443517603175934,
      22.183120879883795,
      24.26186165073992,
      20.066073827458013,
      26.554251468433314,
      19.182451745718108,
      20.943244018219225,
      18.94576748764681,
      14.492102198092295,
      24.999838454997104,
      19.461550957331077,
      25.715676822020225,
      24.87028540971225
    ]
  },
  "averaging": {
    "mean": [
      42.99679426630959,
      37.95547881674079,
      27.630495586140714,
      27.780874143405818,
      37.16883674594574,
      23.780049302685075,
      27.96771667731926,
      25.756066008868366,
      20.38173599208428,
      21.18810062282755,
      28.920055099575258,
      18.631104641250566,
      20.775855114618317,
      19.250748438071458,
      25.49272691633043,
      19.679420535443352,
      22.43248178828042,
      16.884098023925326,
      19.926349899910857,
      26.960414641592653,
      18.826395411245684,
      19.282745123598726,
      25.966098950089073,
      21.16833887429093,
      23.54399265448097,
      20.618137209387495,
      16.932952396092006,
      22.23245059628498,
      21.044100081133365,
      18.64795898891345,
      24.04855694640428,
      26.623453365252352,
      18.34708811557328,
      20.55421259701252,
      21.033206797126912,
      15.957215101394645,
      18.57570094752562,
      23.356314165936784,
      25.397769645862283,
      24.09321150725358
    ],