{
  "mse_gd_mean": 4.955081343650818,
  "mse_gd_std": 0.4869474580558342,
  "mse_lsa_mean": 19.738101482391357,
  "mse_lsa_std": 2.5085743129502927,
  "cosine_sim_lsa_mean": -0.013450009701773524,
  "cosine_sim_lsa_std": 0.022289914100973963,
  "mse_gla_mean": 19.716977405548096,
  "mse_gla_std": 2.430815502617401,
  "cosine_sim_gla_mean": -0.003289636690169573,
  "cosine_sim_gla_std": 0.025390450401421957,
  "mse_gqa_mean": 19.732460498809814,
  "mse_gqa_std": 2.527992561065934,
  "cosine_sim_gqa_mean": -0.002846013754606247,
  "cosine_sim_gqa_std": 0.01833987093083281,
  "mse_sparse_mean": 19.99574375152588,
  "mse_sparse_std": 2.297754800597687,
  "cosine_sim_sparse_mean": 0.0033394729252904654,
  "cosine_sim_sparse_std": 0.01542435325808918,
  "mse_softmax_mean": 19.7420033454895,
  "mse_softmax_std": 2.509792965669872,
  "cosine_sim_softmax_mean": 9.040466975420713e-05,
  "cosine_sim_softmax_std": 0.018538677983655584,
  "mse_kernel_mean": 19.76204957962036,
  "mse_kernel_std": 2.5270838468262973,
  "cosine_sim_kernel_mean": -0.0030382365919649603,
  "cosine_sim_kernel_std": 0.0229843488405504,
  "mse_lowrank_k0.5_mean": 19.760925197601317,
  "mse_lowrank_k0.5_std": 2.5023338156954624,
  "cosine_sim_lowrank_k0.5_mean": 0.0026917870389297606,
  "cosine_sim_lowrank_k0.5_std": 0.018095091013375805,
  "mse_lowrank_k0.6_mean": 19.761161422729494,
  "mse_lowrank_k0.6_std": 2.4347155527031203,
  "cosine_sim_lowrank_k0.6_mean": 0.010010675806552172,
  "cosine_sim_lowrank_k0.6_std": 0.018105955350009445,
  "mse_lowrank_k0.7_mean": 19.754444789886474,
  "mse_lowrank_k0.7_std": 2.448973186305821,
  "cosine_sim_lowrank_k0.7_mean": -0.0033665829454548658,
  "cosine_sim_lowrank_k0.7_std": 0.025539736601695007,
  "mse_lowrank_k0.8_mean": 19.781894302368165,
  "mse_lowrank_k0.8_std": 2.5119020358908375,
  "cosine_sim_lowrank_k0.8_mean": -0.00583028334658593,
  "cosine_sim_lowrank_k0.8_std": 0.013143136531072023,
  "mse_lowrank_k0.9_mean": 19.7321626663208,
  "mse_lowrank_k0.9_std": 2.486725071148672,
  "cosine_sim_lowrank_k0.9_mean": 0.009524551925278502,
  "cosine_sim_lowrank_k0.9_std": 0.025978644469926027,
  "mse_lowrank_k1_mean": 19.787598896026612,
  "mse_lowrank_k1_std": 2.466647292423778,
  "cosine_sim_lowrank_k1_mean": 0.007027364056557417,
  "cosine_sim_lowrank_k1_std": 0.018898089670869835,
  "n_points": 80
}