{
  "mse_gd_mean": 6.721734571456909,
  "mse_gd_std": 0.7509038625007296,
  "mse_lsa_mean": 21.394048500061036,
  "mse_lsa_std": 3.5161905161767297,
  "cosine_sim_lsa_mean": -0.0058924788914737295,
  "cosine_sim_lsa_std": 0.016588058048654163,
  "mse_gla_mean": 21.434695053100587,
  "mse_gla_std": 3.477330267042066,
  "cosine_sim_gla_mean": -0.004171862453222275,
  "cosine_sim_gla_std": 0.020072089953858077,
  "mse_gqa_mean": 21.44316864013672,
  "mse_gqa_std": 3.4746272499961375,
  "cosine_sim_gqa_mean": 0.0069571530562825504,
  "cosine_sim_gqa_std": 0.024468868016695126,
  "mse_sparse_mean": 21.66249370574951,
  "mse_sparse_std": 3.5598932734120843,
  "cosine_sim_sparse_mean": -0.010261317552067339,
  "cosine_sim_sparse_std": 0.024655339828988678,
  "mse_softmax_mean": 21.431025886535643,
  "mse_softmax_std": 3.5475953134134848,
  "cosine_sim_softmax_mean": -0.0031296779576223343,
  "cosine_sim_softmax_std": 0.02147480304996266,
  "mse_kernel_mean": 21.366025924682617,
  "mse_kernel_std": 3.5772895655029187,
  "cosine_sim_kernel_mean": 0.005622268933802843,
  "cosine_sim_kernel_std": 0.019197567328335535,
  "mse_lowrank_k0.5_mean": 21.504244804382324,
  "mse_lowrank_k0.5_std": 3.557040586427833,
  "cosine_sim_lowrank_k0.5_mean": -0.0055228557204827665,
  "cosine_sim_lowrank_k0.5_std": 0.01535913195674574,
  "mse_lowrank_k0.6_mean": 21.400095176696777,
  "mse_lowrank_k0.6_std": 3.5397931115469086,
  "cosine_sim_lowrank_k0.6_mean": 0.005561672465410084,
  "cosine_sim_lowrank_k0.6_std": 0.018116604825649307,
  "mse_lowrank_k0.7_mean": 21.383856582641602,
  "mse_lowrank_k0.7_std": 3.5105019846457517,
  "cosine_sim_lowrank_k0.7_mean": -0.0039025809615850448,
  "cosine_sim_lowrank_k0.7_std": 0.023526342489437715,
  "mse_lowrank_k0.8_mean": 21.41360683441162,
  "mse_lowrank_k0.8_std": 3.520124474656585,
  "cosine_sim_lowrank_k0.8_mean": -0.006341835006605834,
  "cosine_sim_lowrank_k0.8_std": 0.021497142697625347,
  "mse_lowrank_k0.9_mean": 21.44810333251953,
  "mse_lowrank_k0.9_std": 3.4856734582249747,
  "cosine_sim_lowrank_k0.9_mean": 0.0014799573458731175,
  "cosine_sim_lowrank_k0.9_std": 0.028200550434837365,
  "mse_lowrank_k1_mean": 21.43259449005127,
  "mse_lowrank_k1_std": 3.5388394055698438,
  "cosine_sim_lowrank_k1_mean": 0.001918271486647427,
  "cosine_sim_lowrank_k1_std": 0.013868174144930787,
  "n_points": 40
}