{
  "mse_gd_mean": 16.530175590515135,
  "mse_gd_std": 1.7295222129888892,
  "mse_lsa_mean": 21.094894409179688,
  "mse_lsa_std": 1.9479154040071458,
  "cosine_sim_lsa_mean": -0.008112750596774276,
  "cosine_sim_lsa_std": 0.0113524686215763,
  "mse_gla_mean": 21.106292915344238,
  "mse_gla_std": 1.9554210117482476,
  "cosine_sim_gla_mean": -0.0061922453111037615,
  "cosine_sim_gla_std": 0.01693550391564963,
  "mse_gqa_mean": 21.13000602722168,
  "mse_gqa_std": 1.9273533523214248,
  "cosine_sim_gqa_mean": -0.0072288021445274355,
  "cosine_sim_gqa_std": 0.032404219745158336,
  "mse_sparse_mean": 21.189917373657227,
  "mse_sparse_std": 1.9901700578932995,
  "cosine_sim_sparse_mean": -0.0032487934542587025,
  "cosine_sim_sparse_std": 0.023856026954530155,
  "mse_softmax_mean": 21.1093168258667,
  "mse_softmax_std": 2.001555025401725,
  "cosine_sim_softmax_mean": 0.008427908492740244,
  "cosine_sim_softmax_std": 0.019969641008097005,
  "mse_kernel_mean": 21.17492332458496,
  "mse_kernel_std": 2.000400270063517,
  "cosine_sim_kernel_mean": -0.006284503114875406,
  "cosine_sim_kernel_std": 0.021318755444239158,
  "mse_lowrank_block2_k0.5_mean": 21.140538024902344,
  "mse_lowrank_block2_k0.5_std": 1.9502116160887697,
  "cosine_sim_lowrank_block2_k0.5_mean": 0.0017031680901709479,
  "cosine_sim_lowrank_block2_k0.5_std": 0.020109898147511247,
  "mse_lowrank_block2_k0.6_mean": 21.04138526916504,
  "mse_lowrank_block2_k0.6_std": 1.9632432468921583,
  "cosine_sim_lowrank_block2_k0.6_mean": 0.012125275374637567,
  "cosine_sim_lowrank_block2_k0.6_std": 0.023406076381503844,
  "mse_lowrank_block2_k0.7_mean": 21.102777671813964,
  "mse_lowrank_block2_k0.7_std": 1.9296610490795754,
  "cosine_sim_lowrank_block2_k0.7_mean": 0.0029511611675843595,
  "cosine_sim_lowrank_block2_k0.7_std": 0.02853173050012085,
  "mse_lowrank_block2_k0.8_mean": 21.116418075561523,
  "mse_lowrank_block2_k0.8_std": 1.9544782713657267,
  "cosine_sim_lowrank_block2_k0.8_mean": 0.008834332204423844,
  "cosine_sim_lowrank_block2_k0.8_std": 0.009854005655346696,
  "mse_lowrank_block2_k0.9_mean": 21.148687171936036,
  "mse_lowrank_block2_k0.9_std": 1.952150167521523,
  "cosine_sim_lowrank_block2_k0.9_mean": 0.006704843579791486,
  "cosine_sim_lowrank_block2_k0.9_std": 0.03469402930156424,
  "mse_lowrank_block2_k1_mean": 21.153840827941895,
  "mse_lowrank_block2_k1_std": 1.9465719312037044,
  "cosine_sim_lowrank_block2_k1_mean": -0.007620773148664739,
  "cosine_sim_lowrank_block2_k1_std": 0.009861685441122401,
  "n_points": 5
}